timestamp,msl,agl,pressure,latitude,longitude,speed,heading,temperature,relative_humidity,internal_temperature,rise_speed
"2022-01-07 16:09:22",210,1,98802,41.465158,1.936343,0.55,193.1,28.25,36,33,0
"2022-01-07 16:09:23",212,3,98775,0,,1.3,226.5,28.12,35.9,,0.2
"2022-01-07 16:09:24",214,5,98748,0,,2,313.1,27.94,35.75,,0.4
"2022-01-07 16:09:25",217,8,98722,41.465172,1.936332,2.1,258.6,27.79,35.45,,0.6
"2022-01-07 16:09:26",218,9,98703,0,,2.35,70.9,27.57,35.35,,0.8
"2022-01-07 16:09:27",220,11,98685,0,,1.4,338.2,27.42,35.5,,0.9
"2022-01-07 16:09:28",222,13,98668,41.465225,1.936322,4.3,339.9,27.23,35.6,,1
"2022-01-07 16:09:29",224,15,98645,0,,1.65,310.4,27.08,35.8,,1.1
"2022-01-07 16:09:30",226,17,98622,0,,2,304.4,26.97,36,,1.2
"2022-01-07 16:09:31",228,19,98600,41.465257,1.936235,3.85,306.2,26.87,36.2,,1.4
"2022-01-07 16:09:33",232,23,98551,0,,3.8,281.4,26.72,36.6,,1.9
"2022-01-07 16:09:34",234,25,98528,41.465293,1.936097,4.35,297.4,26.68,36.85,,2.1
"2022-01-07 16:09:35",237,28,98496,0,,4.85,300.9,26.68,37.1,,2.1
"2022-01-07 16:09:36",240,31,98464,0,,4.75,309.3,26.69,37.4,,2.2
"2022-01-07 16:09:37",243,34,98432,41.465372,1.935955,5.55,304.8,26.67,37.55,,2.2
"2022-01-07 16:09:38",247,38,98385,0,,4.15,298.7,26.64,37.6,,2.4
"2022-01-07 16:09:39",251,42,98340,0,,5.6,281.3,26.63,37.7,,2.6
"2022-01-07 16:09:40",255,46,98296,41.465418,1.935795,5.5,291.2,26.63,37.85,,2.8
"2022-01-07 16:09:41",259,50,98258,0,,5.5,291.2,26.62,37.95,,2.8
"2022-01-07 16:09:42",262,53,98220,0,,6.6,292.1,26.59,38.05,,2.9
"2022-01-07 16:09:43",265,56,98182,41.465488,1.935632,4.9,306.6,26.58,38.2,,3.1
"2022-01-07 16:09:44",268,59,98155,0,,5.5,294.5,26.54,38.25,,3.1
"2022-01-07 16:09:45",270,61,98130,0,,6,283.1,26.49,38.25,,3.2
"2022-01-07 16:09:46",272,63,98106,41.46555,1.935448,4.85,305,26.45,38.3,,3.2
"2022-01-07 16:09:47",275,66,98078,0,,7.25,294.6,26.39,38.1,,3.1
"2022-01-07 16:09:48",277,68,98050,0,,5.75,279.1,26.31,37.85,,3.1
"2022-01-07 16:09:49",280,71,98022,41.465635,1.935248,7.15,311.7,26.22,37.6,33.5,3.1
"2022-01-07 16:09:50",283,74,97982,0,,5.5,315.2,26.16,37.5,,3.1
"2022-01-07 16:09:51",287,78,97942,0,,8.45,314.3,26.08,37.5,,3.1
"2022-01-07 16:09:52",291,82,97902,41.465725,1.935038,7.1,287.8,26.02,37.65,,3
"2022-01-07 16:09:53",294,85,97869,0,,6,274.5,25.99,37.9,,2.9
"2022-01-07 16:09:54",297,88,97836,0,,6.4,291.3,25.96,38.2,,2.9
"2022-01-07 16:09:55",300,91,97804,41.465762,1.934822,6.4,289.9,25.97,38.35,,2.8
"2022-01-07 16:09:56",302,93,97773,0,,6.05,276.8,25.94,38.65,,2.8
"2022-01-07 16:09:57",305,96,97743,0,,9.55,273.2,25.93,38.8,,2.9
"2022-01-07 16:09:58",308,99,97714,41.46579,1.93453,8.45,284.9,25.93,38.9,,2.9
"2022-01-07 16:10:00",313,104,97650,0,,8.05,279.8,25.89,38.9,,3
"2022-01-07 16:10:01",316,107,97618,41.46584,1.934247,8.05,289.9,25.91,39,,3
"2022-01-07 16:10:03",324,115,97534,0,,,,25.86,38.95,,3.1
"2022-01-07 16:10:04",328,119,97492,0,,,,25.85,39,,3.1
"2022-01-07 16:10:06",334,125,97418,0,,7.15,291.7,25.76,38.85,,3.1
"2022-01-07 16:10:07",338,129,97382,41.46594,1.933715,7.3,283.2,25.72,38.7,,3.2
"2022-01-07 16:10:09",343,134,97320,0,,7.25,280.6,25.57,38.15,,3.2
"2022-01-07 16:10:10",346,137,97290,41.465987,1.933423,8.9,286.4,25.57,38,,3.2
"2022-01-07 16:10:12",352,143,97220,0,,8.05,292.9,25.5,37.8,,3.2
"2022-01-07 16:10:13",356,147,97186,41.466053,1.933123,10.2,284.5,25.43,37.95,,3.2
"2022-01-07 16:10:15",360,151,97133,0,,7.85,278.5,25.35,38.2,,3
"2022-01-07 16:10:16",363,154,97108,41.466112,1.93284,9.75,285,25.29,38.3,33.75,2.9
"2022-01-07 16:10:18",367,158,97064,0,,8.45,294.2,25.24,38.3,,2.7
"2022-01-07 16:10:19",369,160,97042,41.466178,1.93259,6.35,288.7,25.23,38.25,,2.6
"2022-01-07 16:10:21",371,162,97020,0,,8.25,295.8,25.12,37.7,,2.3
"2022-01-07 16:10:22",372,163,97010,41.466253,1.932327,6.55,285.8,25.06,37.4,,2.1
"2022-01-07 16:10:23",372,163,97003,0,,9.35,290.7,24.99,37.1,,2
"2022-01-07 16:10:24",373,164,96996,0,,7.65,298.2,24.93,36.9,,1.9
"2022-01-07 16:10:25",373,164,96990,41.466318,1.932048,7.85,285,24.86,36.85,,1.6
"2022-01-07 16:10:26",374,165,96981,0,,8,279.8,24.83,36.9,,1.4
"2022-01-07 16:10:27",375,166,96973,0,,8.45,290.7,24.8,37,,1.4
"2022-01-07 16:10:28",375,166,96966,41.466372,1.931782,6.75,281.8,24.79,37.15,,1.2
"2022-01-07 16:10:29",377,168,96952,0,,7.45,287.5,24.75,37.25,,1.1
"2022-01-07 16:10:30",378,169,96939,0,,8.25,279.3,24.74,37.35,,0.9
"2022-01-07 16:10:31",379,170,96926,41.466422,1.931515,6.45,287.2,24.74,37.4,,0.9
"2022-01-07 16:10:32",380,171,96911,0,,8.8,282.7,24.69,37.45,,0.9
"2022-01-07 16:10:33",382,173,96897,0,,7.4,280.4,24.62,37.5,,0.9
"2022-01-07 16:10:34",383,174,96884,41.46647,1.93126,7.1,294.9,24.57,37.55,,1
"2022-01-07 16:10:35",385,176,96865,0,,7.1,277,24.53,37.6,,1
"2022-01-07 16:10:36",386,177,96845,0,,8.85,287.2,24.47,37.65,,1.1
"2022-01-07 16:10:37",388,179,96826,41.466522,1.930985,7.2,280,24.45,37.7,,1.2
"2022-01-07 16:10:38",390,181,96811,0,,8.5,290,24.4,37.7,,1.2
"2022-01-07 16:10:39",391,182,96796,0,,8.15,279.7,24.38,37.65,,1.3
"2022-01-07 16:10:40",392,183,96782,41.46658,1.930712,7.2,285.5,24.36,37.65,,1.3
"2022-01-07 16:10:42",395,186,96754,0,,6.85,281.6,24.34,37.6,,1.4
"2022-01-07 16:10:43",396,187,96740,41.466637,1.930437,9.1,285.1,24.33,37.6,34,1.4
"2022-01-07 16:10:44",398,189,96721,0,,9.1,285.1,24.33,37.65,,1.4
"2022-01-07 16:10:45",399,190,96703,0,,6.55,285.6,24.34,37.65,,1.5
"2022-01-07 16:10:46",401,192,96686,41.466683,1.9302,6.9,285.4,24.34,37.65,,1.5
"2022-01-07 16:10:47",403,194,96664,0,,,,24.33,37.65,,1.5
"2022-01-07 16:10:48",405,196,96643,0,,,,24.27,37.6,,1.5
"2022-01-07 16:10:49",407,198,96622,0,,,,24.24,37.6,,1.5
"2022-01-07 16:10:50",408,199,96603,0,,8.85,281.2,24.22,37.65,,1.6
"2022-01-07 16:10:51",410,201,96584,0,,5.55,283.2,24.18,37.65,,1.6
"2022-01-07 16:10:52",412,203,96566,41.466775,1.9297,6.9,282.6,24.17,37.75,,1.6
"2022-01-07 16:10:53",413,204,96548,0,,7.5,286.2,24.17,37.9,,1.6
"2022-01-07 16:10:54",415,206,96530,0,,7.5,286.2,24.15,37.95,,1.7
"2022-01-07 16:10:55",417,208,96512,41.466807,1.92945,7.9,287,24.13,37.95,,1.7
"2022-01-07 16:10:56",419,210,96491,0,,6.8,273.3,24.11,38,,1.7
"2022-01-07 16:10:57",420,211,96471,0,,7.05,279.6,24.1,38.15,,1.8
"2022-01-07 16:10:58",422,213,96452,41.466838,1.929208,6.05,282.7,24.1,38.2,,1.8
"2022-01-07 16:10:59",424,215,96434,0,,8.05,280.4,24.1,38.4,,1.8
"2022-01-07 16:11:00",425,216,96416,0,,6.75,297.3,24.13,38.65,,1.7
"2022-01-07 16:11:01",427,218,96398,41.466887,1.928975,5.85,274.8,24.17,38.8,,1.7
"2022-01-07 16:11:04",432,223,96346,41.466917,1.928737,6.95,276.2,24.15,39,,1.7
"2022-01-07 16:11:05",433,224,96332,0,,,,24.17,39.1,,1.6
"2022-01-07 16:11:06",434,225,96319,0,,,,24.17,39.15,,1.6
"2022-01-07 16:11:07",436,227,96306,0,,,,24.18,39.25,,1.6
"2022-01-07 16:11:08",436,227,96296,0,,8.55,286,24.18,39.25,,1.5
"2022-01-07 16:11:09",437,228,96287,0,,8.25,304.6,24.18,39.2,,1.4
"2022-01-07 16:11:10",438,229,96278,41.467053,1.928197,7.45,298.6,24.18,39.15,34,1.4
"2022-01-07 16:11:11",439,230,96262,0,,8,296.4,24.18,39.1,,1.3
"2022-01-07 16:11:12",441,232,96248,0,,5.85,305.4,24.16,39,,1.3
"2022-01-07 16:11:13",442,233,96234,41.467142,1.927952,8.8,289.5,24.13,38.95,,1.2
"2022-01-07 16:11:14",444,235,96214,0,,8.6,294.8,24.12,38.9,,1.3
"2022-01-07 16:11:15",446,237,96195,0,,7.1,300.3,24.11,38.9,,1.3
"2022-01-07 16:11:16",447,238,96176,41.467225,1.927722,6.35,296.6,24.1,38.85,,1.3
"2022-01-07 16:11:17",450,241,96152,0,,7.6,284.7,24.09,38.85,,1.4
"2022-01-07 16:11:18",452,243,96129,0,,7.45,281.9,24.08,38.9,,1.4
"2022-01-07 16:11:19",454,245,96106,41.467277,1.927467,6.5,290,24.08,38.9,,1.5
"2022-01-07 16:11:20",455,246,96094,0,,8.9,283.9,24.08,38.9,,1.5
"2022-01-07 16:11:21",456,247,96083,0,,6.65,287.8,24.08,38.85,,1.5
"2022-01-07 16:11:22",457,248,96072,41.467333,1.927203,8.15,286.6,24.07,38.8,,1.6
"2022-01-07 16:11:23",458,249,96054,0,,7,282.9,24.05,38.6,,1.6
"2022-01-07 16:11:24",460,251,96036,0,,7.1,287.7,24.03,38.5,,1.6
"2022-01-07 16:11:25",462,253,96018,41.467385,1.926962,6.8,279,24.01,38.45,,1.6
"2022-01-07 16:11:26",464,255,95997,0,,7.2,291.6,23.96,38.45,,1.7
"2022-01-07 16:11:27",466,257,95976,0,,5.9,273.6,23.93,38.4,,1.7
"2022-01-07 16:11:28",467,258,95956,41.467423,1.92672,8.4,282.5,23.91,38.4,,1.7
"2022-01-07 16:11:29",470,261,95932,0,,6,280.4,23.9,38.3,,1.7
"2022-01-07 16:11:30",472,263,95910,0,,7.7,278.7,23.88,38.25,,1.7
"2022-01-07 16:11:31",474,265,95888,41.467463,1.926465,7.7,286.7,23.87,38.1,,1.7
"2022-01-07 16:11:33",478,269,95842,0,,8.25,293.9,23.86,37.9,,1.8
"2022-01-07 16:11:34",480,271,95820,41.467517,1.926228,5.95,279.1,23.86,37.85,,1.9
"2022-01-07 16:11:35",482,273,95793,0,,6.55,289,23.83,37.8,,2
"2022-01-07 16:11:36",485,276,95769,0,,6,289.2,23.81,37.7,,2
"2022-01-07 16:11:37",487,278,95746,41.467565,1.92603,5.55,276,23.79,37.65,34,2
"2022-01-07 16:11:38",489,280,95721,0,,6.2,301.6,23.79,37.65,,2.1
"2022-01-07 16:11:39",491,282,95699,0,,6,274.5,23.79,37.6,,2.1
"2022-01-07 16:11:40",493,284,95678,41.467605,1.925827,6.1,283.8,23.77,37.55,,2.1
"2022-01-07 16:11:41",496,287,95647,0,,5.35,287.7,23.78,37.5,,2.2
"2022-01-07 16:11:42",500,291,95604,0,,6.85,279.5,23.86,37.85,,2.3
"2022-01-07 16:11:43",504,295,95562,41.467615,1.925623,5.85,271.9,23.94,38.25,,2.5
"2022-01-07 16:11:44",508,299,95517,0,,4.3,241.6,24.07,38.55,,2.6
"2022-01-07 16:11:45",512,303,95472,0,,3.8,262.4,24.22,38.9,,2.8
"2022-01-07 16:11:46",516,307,95428,41.467618,1.925483,4.05,285.8,24.36,39.1,,3
"2022-01-07 16:11:47",520,311,95381,0,,5.1,278.1,24.45,39.15,,3.1
"2022-01-07 16:11:48",524,315,95339,0,,3.15,274.3,24.56,39.05,,3.2
"2022-01-07 16:11:49",528,319,95298,41.467642,1.925348,4.3,306.1,24.66,39,,3.3
"2022-01-07 16:11:50",532,323,95258,0,,4.75,261.1,24.69,38.9,,3.5
"2022-01-07 16:11:51",536,327,95214,0,,4.95,280.2,24.68,38.55,,3.7
"2022-01-07 16:11:52",540,331,95170,41.467652,1.925198,2.7,282.2,24.63,38.4,,3.8
"2022-01-07 16:11:53",543,334,95129,0,,4.9,276.6,24.62,38.3,,4
"2022-01-07 16:11:54",547,338,95088,0,,3.6,304.6,24.53,38.2,,4
"2022-01-07 16:11:55",551,342,95048,41.467698,1.925042,5.95,285.6,24.41,37.7,,4
"2022-01-07 16:11:56",555,346,95002,0,,5,300.8,24.33,37.2,,4
"2022-01-07 16:11:57",559,350,94958,0,,5.15,296,24.18,36.9,,4
"2022-01-07 16:11:58",563,354,94914,41.467755,1.924863,6.5,288.3,24.05,36.75,,4
"2022-01-07 16:11:59",567,358,94875,0,,4.05,286.7,23.93,36.7,,3.9
"2022-01-07 16:12:00",570,361,94836,0,,6.1,281.1,23.8,36.65,,3.9
"2022-01-07 16:12:01",574,365,94798,41.467797,1.924683,4.8,287.5,23.69,36.7,,3.9
"2022-01-07 16:12:04",584,375,94694,41.46786,1.924518,4.55,312.1,23.35,37.2,33.75,3.7
"2022-01-07 16:12:05",588,379,94651,0,,6.15,289.4,23.28,37.4,,3.6
"2022-01-07 16:12:06",591,382,94618,0,,4.1,308.2,23.21,37.55,,3.5
"2022-01-07 16:12:07",594,385,94586,41.46792,1.92435,5.65,291.5,23.1,37.7,,3.5
"2022-01-07 16:12:08",597,388,94553,0,,5.8,284,23.03,37.8,,3.5
"2022-01-07 16:12:09",601,392,94508,0,,5.05,285.8,22.98,37.9,,3.5
"2022-01-07 16:12:10",605,396,94464,41.46797,1.924153,6.7,290.2,22.89,38,,3.5
"2022-01-07 16:12:11",609,400,94425,0,,5.75,294.3,22.78,38.05,,3.5
"2022-01-07 16:12:12",612,403,94386,0,,6.2,292.9,22.78,38.3,,3.5
"2022-01-07 16:12:13",616,407,94348,41.468018,1.92396,5.4,283.2,22.7,38.5,,3.5
"2022-01-07 16:12:14",619,410,94307,0,,5.9,285.6,22.64,38.65,,3.5
"2022-01-07 16:12:15",623,414,94266,0,,5.85,297.8,22.59,38.7,,3.5
"2022-01-07 16:12:16",627,418,94226,41.468077,1.923758,6.9,284.4,22.55,38.85,,3.6
"2022-01-07 16:12:17",630,421,94190,0,,4.9,294.9,22.5,39.2,,3.6
"2022-01-07 16:12:18",634,425,94155,0,,6,271.7,22.45,39.6,,3.6
"2022-01-07 16:12:19",637,428,94120,41.468102,1.923525,7.7,278.9,22.39,39.95,,3.6
"2022-01-07 16:12:20",640,431,94086,0,,7.4,277.4,22.35,40.3,,3.6
"2022-01-07 16:12:21",643,434,94051,0,,5.25,279.6,22.31,40.55,,3.6
"2022-01-07 16:12:22",646,437,94016,41.468128,1.923295,8.05,277.8,22.27,40.8,,3.5
"2022-01-07 16:12:23",650,441,93980,0,,5.05,282.2,22.23,40.85,,3.5
"2022-01-07 16:12:24",653,444,93945,0,,7,284.2,22.17,41,,3.4
"2022-01-07 16:12:25",656,447,93910,41.46817,1.923073,6.6,281.2,22.13,41.15,,3.4
"2022-01-07 16:12:27",663,454,93834,0,,6.95,287.2,22.06,41.35,,3.4
"2022-01-07 16:12:28",667,458,93796,41.468222,1.922865,4.2,297.5,22.02,41.5,,3.4
"2022-01-07 16:12:30",675,466,93708,0,,5.3,283.6,21.93,41.55,,3.5
"2022-01-07 16:12:31",679,470,93664,41.468273,1.92264,6.75,293,21.88,41.6,33.25,3.5
"2022-01-07 16:12:34",686,477,93596,41.468325,1.92243,6.5,280.5,21.77,41.7,,3.3
"2022-01-07 16:12:36",692,483,93526,0,,6,277.6,21.68,41.85,,3.2
"2022-01-07 16:12:37",695,486,93492,41.468382,1.92222,6.55,294.4,21.67,41.9,,3.2
"2022-01-07 16:12:39",701,492,93428,0,,5.55,276.8,21.59,42,,3.1
"2022-01-07 16:12:40",704,495,93396,41.468427,1.922005,7.6,288.7,21.57,42.2,,3.1
"2022-01-07 16:12:42",710,501,93328,0,,7,283.1,21.49,42.65,,2.9
"2022-01-07 16:12:43",714,505,93294,41.468477,1.921805,5.05,295.5,21.45,42.8,,2.9
"2022-01-07 16:12:45",720,511,93226,0,,6.5,276.9,21.39,43.15,,2.9
"2022-01-07 16:12:46",723,514,93192,41.468517,1.921602,4.8,296.1,21.32,43.3,,2.9
"2022-01-07 16:12:47",727,518,93155,0,,6.65,281.2,21.29,43.45,,3.2
"2022-01-07 16:12:48",730,521,93119,0,,4.4,290.9,21.24,43.55,,3.2
"2022-01-07 16:12:49",733,524,93084,41.468553,1.921398,7.25,278.5,21.19,43.6,,3.2
"2022-01-07 16:12:50",737,528,93043,0,,5.3,287.8,21.16,43.7,,3.2
"2022-01-07 16:12:51",741,532,93001,0,,5.85,270.2,21.11,43.75,,3.3
"2022-01-07 16:12:52",745,536,92960,41.468573,1.921205,6.05,283.5,21.09,43.85,,3.4
"2022-01-07 16:12:54",752,543,92879,0,,4.15,279.3,20.98,44.05,,3.5
"2022-01-07 16:12:55",756,547,92840,41.468592,1.921028,4.6,292.1,20.94,44.1,,3.5
"2022-01-07 16:12:56",760,551,92797,0,,4.1,268,20.91,44.15,,3.5
"2022-01-07 16:12:57",764,555,92756,0,,5.8,292.3,20.85,44.25,,3.6
"2022-01-07 16:12:58",768,559,92716,41.468593,1.920883,2.95,257.8,20.82,44.55,32.5,3.7
"2022-01-07 16:12:59",771,562,92676,0,,4.75,243.3,20.78,44.8,,3.7
"2022-01-07 16:13:00",775,566,92637,0,,5.4,287.8,20.75,44.9,,3.7
"2022-01-07 16:13:01",779,570,92598,41.468598,1.920715,4.4,266.7,20.72,45.05,,3.8
"2022-01-07 16:13:03",788,579,92499,0,,5.4,275.7,20.69,45.2,,3.9
"2022-01-07 16:13:04",793,584,92450,41.468603,1.92052,4.9,265.4,20.71,45.45,,4
"2022-01-07 16:13:05",798,589,92396,0,,6.45,276.7,20.7,45.6,,4.1
"2022-01-07 16:13:06",803,594,92341,0,,3.5,282.1,20.7,45.75,,4.1
"2022-01-07 16:13:07",808,599,92286,41.468582,1.920397,4.1,215.4,20.72,45.9,,4.3
"2022-01-07 16:13:08",814,605,92226,0,,4.05,275.9,20.76,46,,4.5
"2022-01-07 16:13:09",819,610,92171,0,,5.8,233.2,20.79,46.1,,4.6
"2022-01-07 16:13:10",824,615,92116,41.468538,1.920255,4,251.6,20.79,46.1,,4.7
"2022-01-07 16:13:11",830,621,92051,0,,4.35,266.5,20.78,46,,4.8
"2022-01-07 16:13:12",836,627,91985,0,,6.1,252.2,20.77,45.9,,5
"2022-01-07 16:13:13",843,634,91920,41.46854,1.92008,5.6,288.5,20.73,45.85,,5.2
"2022-01-07 16:13:14",847,638,91870,0,,4,271.9,20.66,45.75,,5.3
"2022-01-07 16:13:15",852,643,91820,0,,3.65,262.6,20.64,45.8,,5.3
"2022-01-07 16:13:16",857,648,91770,41.468503,1.919942,4.8,244.4,20.6,45.9,,5.3
"2022-01-07 16:13:17",862,653,91718,0,,4,233.2,20.56,46.05,,5.3
"2022-01-07 16:13:18",866,657,91667,0,,4.95,270.1,20.51,46.1,,5.3
"2022-01-07 16:13:19",871,662,91616,41.468472,1.919768,5.65,262.7,20.42,46.2,,5.3
"2022-01-07 16:13:20",876,667,91567,0,,5.5,236,20.33,46.15,,5.2
"2022-01-07 16:13:21",881,672,91517,0,,2.45,257.6,20.28,46.25,,5.2
"2022-01-07 16:13:22",885,676,91468,41.46841,1.919623,6.75,230.6,20.22,46.4,,5.1
"2022-01-07 16:13:23",890,681,91421,0,,6.75,230.6,20.13,46.55,,5
"2022-01-07 16:13:24",894,685,91376,0,,4.45,257.7,20.01,46.65,,4.8
"2022-01-07 16:13:25",898,689,91332,41.468383,1.919543,4.15,253.5,19.98,46.8,31.5,4.6
"2022-01-07 16:13:26",903,694,91280,0,,5.45,282.8,19.97,46.95,,4.6
"2022-01-07 16:13:27",908,699,91229,0,,5.45,282.8,19.87,47.1,,4.6
"2022-01-07 16:13:28",913,704,91178,41.468377,1.919345,6.3,263.2,19.79,47.3,,4.7
"2022-01-07 16:13:29",917,708,91130,0,,7.4,253.6,19.73,47.45,,4.7
"2022-01-07 16:13:30",922,713,91082,0,,4.85,248,19.66,47.6,,4.6
"2022-01-07 16:13:31",926,717,91034,41.468328,1.91914,5.9,248.1,19.6,47.75,,4.6
"2022-01-07 16:13:33",937,728,90922,0,,6.6,279.9,19.45,48.1,,4.7
"2022-01-07 16:13:34",942,733,90866,41.46831,1.918928,5.85,274.3,19.39,48.25,,4.8
"2022-01-07 16:13:35",948,739,90810,0,,,,19.34,48.4,,4.8
"2022-01-07 16:13:36",953,744,90754,0,,,,19.3,48.55,,4.9
"2022-01-07 16:13:37",958,749,90698,0,,,,19.23,48.7,,5
"2022-01-07 16:13:38",964,755,90634,0,,5.85,274.3,19.17,48.75,,5.1
"2022-01-07 16:13:39",971,762,90570,0,,4.95,273,19.13,48.9,,5.2
"2022-01-07 16:13:40",977,768,90506,41.468287,1.918558,5.1,260.9,19.05,49.05,,5.3
"2022-01-07 16:13:41",983,774,90437,0,,,,19.02,49.25,,5.4
"2022-01-07 16:13:42",989,780,90371,0,,,,18.98,49.4,,5.6
"2022-01-07 16:13:43",996,787,90306,0,,,,18.93,49.45,,5.7
"2022-01-07 16:13:44",1003,794,90227,0,,4.5,273.9,18.9,49.55,,5.9
"2022-01-07 16:13:45",1010,801,90151,0,,2.75,272.7,18.87,49.65,,6.1
"2022-01-07 16:13:46",1018,809,90076,41.468263,1.918255,2.75,250.8,18.81,49.75,,6.3
"2022-01-07 16:13:47",1024,815,90007,0,,,,18.76,49.75,,6.4
"2022-01-07 16:13:48",1031,822,89936,0,,,,18.73,49.8,,6.5
"2022-01-07 16:13:49",1038,829,89866,0,,,,18.7,49.9,,6.6
"2022-01-07 16:13:50",1044,835,89800,0,,3.15,213.5,18.64,50.05,,6.6
"2022-01-07 16:13:51",1050,841,89735,0,,3.8,193.1,18.59,50.15,,6.6
"2022-01-07 16:13:52",1057,848,89670,41.468133,1.918108,5.8,217.1,18.58,50.25,30.5,6.6
"2022-01-07 16:13:53",1064,855,89598,0,,5.8,217.1,18.53,50.25,,6.7
"2022-01-07 16:13:54",1071,862,89526,0,,5.95,214.6,18.47,50.15,,6.7
"2022-01-07 16:13:55",1077,868,89454,41.468003,1.918017,6.2,229,18.43,50.15,,6.8
"2022-01-07 16:13:56",1084,875,89387,0,,4.95,213.4,18.39,50.2,,6.8
"2022-01-07 16:13:57",1090,881,89322,0,,4.95,232.2,18.38,50.35,,6.7
"2022-01-07 16:13:58",1096,887,89258,41.467875,1.917842,4.85,229.1,18.35,50.6,,6.6
"2022-01-07 16:13:59",1102,893,89199,0,,,,18.34,50.75,,6.5
"2022-01-07 16:14:00",1108,899,89136,0,,,,18.31,50.9,,6.5
"2022-01-07 16:14:01",1114,905,89074,0,,,,18.27,51,,6.4
"2022-01-07 16:14:03",1128,919,88933,0,,4.8,237.4,18.2,51.2,,6.4
"2022-01-07 16:14:04",1134,925,88864,41.467735,1.917572,6.05,243.6,18.16,51.3,,6.5
"2022-01-07 16:14:05",1142,933,88788,0,,6.05,243.6,18.12,51.45,,6.5
"2022-01-07 16:14:06",1149,940,88716,0,,6.05,243.6,18.11,51.5,,6.5
"2022-01-07 16:14:07",1156,947,88644,41.467628,1.91741,5.75,222.1,18.04,51.6,,6.5
"2022-01-07 16:14:08",1163,954,88570,0,,6.5,237.3,18.02,51.7,,6.6
"2022-01-07 16:14:09",1170,961,88494,0,,6.35,226.4,17.98,51.8,,6.7
"2022-01-07 16:14:10",1178,969,88418,41.467502,1.917185,6.35,249.6,17.94,51.9,,6.8
"2022-01-07 16:14:11",1185,976,88343,0,,3.95,216.4,17.88,51.95,,6.9
"2022-01-07 16:14:12",1192,983,88270,0,,3.95,216.4,17.83,52.05,,7
"2022-01-07 16:14:13",1199,990,88198,41.467467,1.917105,4.65,232.8,17.77,52.2,,7.1
"2022-01-07 16:14:14",1208,999,88110,0,,5.4,238,17.72,52.3,,7.2
"2022-01-07 16:14:15",1216,1007,88021,0,,5.25,219.6,17.68,52.35,,7.4
"2022-01-07 16:14:16",1225,1016,87932,41.467387,1.916972,4.4,233.2,17.61,52.45,,7.5
"2022-01-07 16:14:18",1243,1034,87753,0,,5.65,215.9,17.46,52.65,,7.8
"2022-01-07 16:14:19",1251,1042,87666,41.46728,1.916797,4.95,250.2,17.39,52.8,29.75,7.9
"2022-01-07 16:14:20",1260,1051,87577,0,,,,17.3,52.9,,8
"2022-01-07 16:14:21",1269,1060,87484,0,,,,17.2,53.05,,8.2
"2022-01-07 16:14:22",1278,1069,87392,0,,,,17.12,53.15,,8.3
"2022-01-07 16:14:23",1287,1078,87299,0,,2.65,232.8,16.99,53.2,,8.4
"2022-01-07 16:14:24",1296,1087,87207,0,,2.65,246.4,16.87,53.4,,8.6
"2022-01-07 16:14:25",1305,1096,87116,41.467185,1.916643,1.55,216.5,16.79,53.55,,8.7
"2022-01-07 16:14:26",1314,1105,87027,0,,,,16.68,53.75,,8.8
"2022-01-07 16:14:27",1322,1113,86940,0,,,,16.61,54,,8.8
"2022-01-07 16:14:28",1331,1122,86854,0,,,,16.51,54.2,,8.8
"2022-01-07 16:14:29",1338,1129,86782,0,,3.6,218.4,16.4,54.4,,8.7
"2022-01-07 16:14:30",1345,1136,86709,0,,6.15,248.1,16.26,54.55,,8.6
"2022-01-07 16:14:31",1352,1143,86636,41.4671,1.916445,4.4,283.6,16.19,54.55,,8.5
"2022-01-07 16:14:33",1369,1160,86464,0,,6.6,262.7,15.98,54.6,,8.3
"2022-01-07 16:14:34",1378,1169,86380,41.467087,1.916283,3.25,277.1,15.87,54.75,,8.3
"2022-01-07 16:14:35",1385,1176,86304,0,,0.1,277.1,15.77,54.95,,8.2
"2022-01-07 16:14:36",1393,1184,86226,0,,4.6,258.9,15.67,55.25,,8.1
"2022-01-07 16:14:37",1400,1191,86148,41.467052,1.91612,4.9,247.9,15.59,55.55,,8
"2022-01-07 16:14:38",1408,1199,86072,0,,4.85,247.9,15.5,55.65,,7.8
"2022-01-07 16:14:39",1415,1206,86001,0,,5.5,263.3,15.4,55.75,,7.7
"2022-01-07 16:14:40",1422,1213,85930,41.46703,1.916017,4.6,242.2,15.31,55.85,,7.6
"2022-01-07 16:14:41",1429,1220,85858,0,,4.6,242.2,15.22,55.95,,7.6
"2022-01-07 16:14:42",1437,1228,85784,0,,4.4,240.9,15.15,56.1,,7.6
"2022-01-07 16:14:43",1444,1235,85710,41.46699,1.91585,5.55,253.2,15.07,56.2,,7.6
"2022-01-07 16:14:44",1452,1243,85632,0,,4.3,261.4,14.99,56.35,,7.6
"2022-01-07 16:14:45",1459,1250,85553,0,,4.3,261.4,14.88,56.45,,7.7
"2022-01-07 16:14:46",1467,1258,85474,41.466942,1.915663,5.35,239.3,14.81,56.7,28.75,7.6
"2022-01-07 16:14:47",1476,1267,85389,0,,5.35,239.3,14.71,56.9,,7.5
"2022-01-07 16:14:48",1484,1275,85307,0,,6.1,238.2,14.61,57.25,,7.6
"2022-01-07 16:14:49",1492,1283,85226,41.466897,1.91549,2.7,254.2,14.55,57.6,,7.6
"2022-01-07 16:14:50",1500,1291,85141,0,,5.1,229,14.39,57.95,,7.7
"2022-01-07 16:14:51",1509,1300,85054,0,,4.95,199.7,14.37,58.25,,7.8
"2022-01-07 16:14:52",1518,1309,84968,41.4668,1.91538,6.9,222.4,14.34,58.6,,7.9
"2022-01-07 16:14:53",1526,1317,84887,0,,,,14.24,59,,8
"2022-01-07 16:14:54",1534,1325,84804,0,,,,14.17,59.2,,8.1
"2022-01-07 16:14:55",1542,1333,84722,0,,,,14.12,59.35,,8.2
"2022-01-07 16:14:56",1551,1342,84638,0,,5.7,248,14.02,59.45,,8.3
"2022-01-07 16:14:57",1559,1350,84557,0,,4.1,232.7,13.95,59.65,,8.3
"2022-01-07 16:14:58",1567,1358,84476,41.466617,1.915073,4.6,244.5,13.84,59.85,,8.3
"2022-01-07 16:15:00",1586,1377,84291,0,,3.25,249.4,13.66,60.3,,8.5
"2022-01-07 16:15:01",1595,1386,84198,41.466647,1.91486,4.85,305.7,13.57,60.5,,8.6
"2022-01-07 16:15:04",1622,1413,83930,41.466662,1.914742,4.5,265.3,13.32,61.2,,8.7
"2022-01-07 16:15:06",1639,1430,83757,0,,5.65,260.3,13.14,61.6,,8.8
"2022-01-07 16:15:07",1648,1439,83670,41.466593,1.914557,2.35,227.6,13.04,61.9,,8.8
"2022-01-07 16:15:09",1665,1456,83499,0,,,,12.86,62.35,,8.8
"2022-01-07 16:15:10",1674,1465,83414,0,,,,12.77,62.5,,8.9
"2022-01-07 16:15:12",1692,1483,83232,0,,3.6,224.8,12.64,63.15,,8.9
"2022-01-07 16:15:13",1702,1493,83142,41.466502,1.914303,6.4,253.5,12.57,63.5,27.5,8.9
"2022-01-07 16:15:15",1720,1511,82958,0,,6.3,247.4,12.43,64,,9
"2022-01-07 16:15:16",1730,1521,82866,41.466458,1.914137,3.75,261.8,12.36,64.25,,9
"2022-01-07 16:15:17",1739,1530,82776,0,,,,12.28,64.5,,9
"2022-01-07 16:15:18",1748,1539,82690,0,,,,12.19,64.7,,9
"2022-01-07 16:15:19",1756,1547,82604,0,,,,12.11,64.85,,9
"2022-01-07 16:15:23",1789,1580,82282,0,,,,11.8,65.75,,8.9
"2022-01-07 16:15:24",1798,1589,82201,0,,,,11.71,65.95,,8.8
"2022-01-07 16:15:25",1806,1597,82120,0,,,,11.6,66.2,,8.7
"2022-01-07 16:15:26",1815,1606,82031,0,,4.05,259.8,11.56,66.4,,8.7
"2022-01-07 16:15:27",1824,1615,81944,0,,7,251.9,11.49,66.65,,8.6
"2022-01-07 16:15:28",1833,1624,81858,41.466308,1.913328,4.1,270.2,11.45,66.9,,8.6
"2022-01-07 16:15:29",1842,1633,81771,0,,4.1,270.2,11.38,67.1,,8.6
"2022-01-07 16:15:30",1851,1642,81681,0,,4.9,285.1,11.29,67.4,,8.6
"2022-01-07 16:15:31",1860,1651,81592,41.466308,1.913228,2.5,234.1,11.21,67.7,,8.7
"2022-01-07 16:15:32",1869,1660,81505,0,,2.5,234.1,11.12,68,,8.6
"2022-01-07 16:15:33",1877,1668,81423,0,,3.25,282.4,11.04,68.35,,8.6
"2022-01-07 16:15:34",1886,1677,81342,41.4663,1.91306,4.15,266.5,10.95,68.7,,8.6
"2022-01-07 16:15:35",1894,1685,81259,0,,,,10.88,69,,8.7
"2022-01-07 16:15:36",1903,1694,81175,0,,,,10.81,69.3,,8.8
"2022-01-07 16:15:37",1912,1703,81092,0,,,,10.74,69.65,,8.8
"2022-01-07 16:15:38",1919,1710,81020,0,,0.05,284.3,10.64,69.95,,8.7
"2022-01-07 16:15:39",1926,1717,80948,0,,4.2,285.8,10.59,70.3,,8.6
"2022-01-07 16:15:40",1934,1725,80876,41.466323,1.912905,2.65,332.9,10.51,70.6,26,8.4
"2022-01-07 16:15:41",1941,1732,80804,0,,3.6,273.1,10.45,70.95,,8.3
"2022-01-07 16:15:42",1948,1739,80735,0,,4.05,308.4,10.37,71.25,,8.1
"2022-01-07 16:15:43",1956,1747,80666,41.466365,1.912757,2.55,253.4,10.3,71.5,,7.9
"2022-01-07 16:15:44",1964,1755,80589,0,,,,10.23,71.75,,8
"2022-01-07 16:15:45",1972,1763,80509,0,,,,10.16,72,,7.9
"2022-01-07 16:15:46",1980,1771,80430,0,,,,10.06,72.25,,7.9
"2022-01-07 16:15:50",2007,1798,80176,0,,,,9.82,73.05,,7.3
"2022-01-07 16:15:51",2013,1804,80113,0,,,,9.75,73.4,,7.3
"2022-01-07 16:15:52",2020,1811,80050,0,,,,9.7,73.7,,7.2
"2022-01-07 16:15:53",2026,1817,79991,0,,,,9.63,73.75,,7.1
"2022-01-07 16:15:54",2032,1823,79934,0,,,,9.57,73.85,,7
"2022-01-07 16:15:55",2038,1829,79878,0,,,,9.51,74.05,,6.9
"2022-01-07 16:15:56",2043,1834,79824,0,,,,9.44,74.35,,6.6
"2022-01-07 16:15:57",2049,1840,79771,0,,,,9.38,74.65,,6.4
"2022-01-07 16:15:58",2054,1845,79718,0,,,,9.31,74.65,,6.2
"2022-01-07 16:15:59",2061,1852,79653,0,,2.95,257,9.24,74.6,,6.2
"2022-01-07 16:16:00",2068,1859,79589,0,,3.4,222.9,9.17,74.55,,6.2
"2022-01-07 16:16:01",2075,1866,79526,41.466247,1.912347,3,265.2,9.1,74.4,,6.3
"2022-01-07 16:16:04",2095,1886,79332,41.466213,1.912297,2.4,250.6,8.9,73.8,,6.3
"2022-01-07 16:16:06",2108,1899,79207,0,,1.7,265.8,8.77,73.8,,6.3
"2022-01-07 16:16:07",2114,1905,79146,41.466167,1.912247,2.7,213.6,8.75,73.9,24.5,6.4
"2022-01-07 16:16:08",2120,1911,79089,0,,2.7,198.8,8.75,74,,6.4
"2022-01-07 16:16:09",2126,1917,79031,0,,2.7,198.8,8.65,74.2,,6.4
"2022-01-07 16:16:10",2133,1924,78974,41.466115,1.912198,2.15,198.4,8.57,74.4,,6.4
"2022-01-07 16:16:11",2139,1930,78914,0,,,,8.52,74.7,,6.5
"2022-01-07 16:16:12",2145,1936,78856,0,,,,8.41,75,,6.4
"2022-01-07 16:16:13",2151,1942,78798,0,,,,8.35,75.4,,6.4
"2022-01-07 16:16:14",2158,1949,78733,0,,1.8,161,8.29,75.8,,6.4
"2022-01-07 16:16:15",2164,1955,78671,0,,2.15,162.3,8.23,76.25,,6.4
"2022-01-07 16:16:16",2171,1962,78610,41.466022,1.91216,3,178.8,8.19,76.65,,6.3
"2022-01-07 16:16:17",2177,1968,78550,0,,1.4,277.2,8.14,77.1,,6.3
"2022-01-07 16:16:18",2184,1975,78490,0,,3.1,174.9,8.06,77.45,,6.3
"2022-01-07 16:16:19",2190,1981,78430,41.465978,1.912145,1.05,197.5,7.99,77.8,,6.3
"2022-01-07 16:16:20",2196,1987,78371,0,,2.3,203.9,7.94,78.15,,6.3
"2022-01-07 16:16:21",2203,1994,78310,0,,2.2,166.8,7.89,78.45,,6.3
"2022-01-07 16:16:22",2209,2000,78250,41.46594,1.912132,1.55,285.6,7.83,78.8,,6.4
"2022-01-07 16:16:23",2215,2006,78191,0,,2.05,163.3,7.77,79.1,,6.4
"2022-01-07 16:16:24",2221,2012,78135,0,,0.05,163.3,7.69,79.35,,6.3
"2022-01-07 16:16:25",2227,2018,78080,41.46593,1.912128,0.1,163.3,7.65,79.55,,6.3
"2022-01-07 16:16:26",2233,2024,78027,0,,,,7.57,79.8,,6.3
"2022-01-07 16:16:27",2238,2029,77972,0,,,,7.5,79.95,,6.2
"2022-01-07 16:16:28",2244,2035,77918,0,,,,7.44,80.1,,6.2
"2022-01-07 16:16:29",2251,2042,77858,0,,1.15,82.9,7.39,80.25,,6.2
"2022-01-07 16:16:30",2257,2048,77800,0,,1.2,75.6,7.34,80.45,,6.1
"2022-01-07 16:16:31",2263,2054,77742,41.465962,1.912213,0.05,75.6,7.26,80.6,,6.1
"2022-01-07 16:16:33",2277,2068,77611,0,,1.95,336.8,7.12,80.95,,6.2
"2022-01-07 16:16:34",2284,2075,77546,41.465992,1.912202,1.95,298.2,7.06,81.25,23,6.3
"2022-01-07 16:16:35",2291,2082,77477,0,,1.9,298.2,7.01,81.55,,6.3
"2022-01-07 16:16:36",2298,2089,77413,0,,2.35,272.8,6.94,81.85,,6.4
"2022-01-07 16:16:37",2305,2096,77350,41.465988,1.912177,1.4,268.6,6.9,82.2,,6.5
"2022-01-07 16:16:38",2311,2102,77287,0,,,,6.81,82.45,,6.5
"2022-01-07 16:16:39",2318,2109,77223,0,,,,6.75,82.75,,6.6
"2022-01-07 16:16:40",2325,2116,77160,0,,,,6.7,83.1,,6.7
"2022-01-07 16:16:41",2331,2122,77110,0,,1.6,85.1,6.64,83.4,,6.6
"2022-01-07 16:16:42",2336,2127,77058,0,,1,85.1,6.59,83.7,,6.6
"2022-01-07 16:16:43",2342,2133,77006,41.465967,1.912147,0.05,85.1,6.53,84.05,,6.5
"2022-01-07 16:16:44",2348,2139,76951,0,,0.05,85.1,6.5,84.3,,6.5
"2022-01-07 16:16:45",2353,2144,76896,0,,2.6,280.8,6.44,84.55,,6.4
"2022-01-07 16:16:46",2359,2150,76842,41.465972,1.912112,0.05,280.8,6.38,84.85,,6.3
"2022-01-07 16:16:47",2366,2157,76776,0,,0.1,280.8,6.34,85.15,,6.3
"2022-01-07 16:16:48",2373,2164,76712,0,,0.15,280.8,6.27,85.4,,6.3
"2022-01-07 16:16:49",2380,2171,76648,41.465963,1.91211,0.15,280.8,6.22,85.7,,6.3
"2022-01-07 16:16:50",2387,2178,76581,0,,0.15,280.8,6.17,86,,6.4
"2022-01-07 16:16:51",2395,2186,76513,0,,0.1,280.8,6.11,86.25,,6.4
"2022-01-07 16:16:52",2402,2193,76446,41.465958,1.91211,0.1,280.8,6.06,86.5,,6.4
"2022-01-07 16:16:53",2408,2199,76385,0,,0.1,280.8,6,86.75,,6.5
"2022-01-07 16:16:54",2415,2206,76325,0,,0.05,260.2,5.96,87,,6.6
"2022-01-07 16:16:55",2421,2212,76266,41.465955,1.91209,0.1,260.2,5.88,87.15,,6.6
"2022-01-07 16:16:59",2446,2237,76040,0,,,,5.62,87.65,,6.6
"2022-01-07 16:17:00",2452,2243,75984,0,,,,5.56,87.75,,6.5
"2022-01-07 16:17:01",2458,2249,75928,0,,,,5.48,87.9,21.5,6.5
"2022-01-07 16:17:04",2476,2267,75762,41.46603,1.912067,1.65,58.6,5.33,88.35,,6.3
"2022-01-07 16:17:05",2482,2273,75706,0,,1.65,58.6,5.24,88.5,,6.1
"2022-01-07 16:17:06",2488,2279,75654,0,,2.05,30.6,5.18,88.6,,6
"2022-01-07 16:17:07",2493,2284,75602,41.466053,1.912072,0.05,30.6,5.13,88.75,,6
"2022-01-07 16:17:08",2499,2290,75550,0,,0.05,30.6,5.07,88.75,,6
"2022-01-07 16:17:09",2505,2296,75496,0,,0.05,30.6,5.02,88.85,,6
"2022-01-07 16:17:10",2511,2302,75442,41.466052,1.912058,0.15,30.6,4.94,88.95,,6
"2022-01-07 16:17:11",2516,2307,75394,0,,0.15,30.6,4.89,89,,5.8
"2022-01-07 16:17:12",2521,2312,75348,0,,0.1,30.6,4.86,89.15,,5.8
"2022-01-07 16:17:13",2526,2317,75302,41.466077,1.912037,0.05,30.6,4.83,89.35,,5.7
"2022-01-07 16:17:14",2530,2321,75261,0,,0.15,30.6,4.8,89.55,,5.6
"2022-01-07 16:17:15",2535,2326,75219,0,,2.15,202.8,4.76,89.8,,5.5
"2022-01-07 16:17:16",2539,2330,75178,41.466065,1.912028,0.05,202.8,4.71,90,,5.3
"2022-01-07 16:17:17",2544,2335,75133,0,,0.1,202.8,4.66,90.2,,5.3
"2022-01-07 16:17:18",2549,2340,75089,0,,0.15,202.8,4.63,90.4,,5.2
"2022-01-07 16:17:19",2554,2345,75046,41.466067,1.91202,0.1,202.8,4.59,90.6,,5.1
"2022-01-07 16:17:20",2559,2350,75000,0,,,,4.58,90.75,,5.1
"2022-01-07 16:17:21",2564,2355,74953,0,,,,4.58,90.95,,5
"2022-01-07 16:17:22",2569,2360,74906,0,,,,4.57,91.2,,5
"2022-01-07 16:17:23",2574,2365,74862,0,,0.1,76.3,4.57,91.5,,4.9
"2022-01-07 16:17:24",2579,2370,74820,0,,0.1,76.3,4.56,91.75,,4.8
"2022-01-07 16:17:25",2583,2374,74778,41.466077,1.912073,0.15,76.3,4.56,92,,4.8
"2022-01-07 16:17:26",2588,2379,74731,0,,0.15,76.3,4.56,92.25,,4.8
"2022-01-07 16:17:27",2593,2384,74684,0,,2.15,51.7,4.56,92.45,,4.9
"2022-01-07 16:17:28",2599,2390,74638,41.466082,1.912093,0,51.7,4.58,92.65,20,4.9
"2022-01-07 16:17:30",2609,2400,74542,0,,0.05,45.4,4.58,93.05,,5
"2022-01-07 16:17:31",2614,2405,74496,41.46609,1.912125,1.8,143.7,4.57,93.25,,5
"2022-01-07 16:17:34",2630,2421,74352,41.466048,1.912168,2.35,134.3,4.55,93.6,,5.1
"2022-01-07 16:17:36",2639,2430,74267,0,,1.4,157.5,4.5,93.8,,5.1
"2022-01-07 16:17:37",2644,2435,74226,41.466023,1.912237,2.05,93.6,4.49,93.9,,5
"2022-01-07 16:17:39",2653,2444,74141,0,,2.3,150,4.43,94.05,,5
"2022-01-07 16:17:40",2658,2449,74098,41.466012,1.912228,2.3,285.2,4.42,94.15,,5
"2022-01-07 16:17:41",2663,2454,74052,0,,,,4.4,94.2,,5
"2022-01-07 16:17:42",2668,2459,74007,0,,,,4.37,94.2,,5
"2022-01-07 16:17:43",2673,2464,73962,0,,,,4.35,94.3,,4.9
"2022-01-07 16:17:45",2683,2474,73872,0,,5.1,74.5,4.29,94.45,,4.9
"2022-01-07 16:17:46",2688,2479,73828,41.466033,1.91236,0.1,74.5,4.28,94.5,,4.8
"2022-01-07 16:17:47",2693,2484,73782,0,,0.1,74.5,4.27,94.55,,4.8
"2022-01-07 16:17:48",2698,2489,73736,0,,3.15,73,4.27,94.6,,4.9
"2022-01-07 16:17:49",2703,2494,73690,41.466045,1.912435,2.6,81.6,4.26,94.7,,4.9
"2022-01-07 16:17:50",2710,2501,73629,0,,2.6,95,4.28,94.8,,5.1
"2022-01-07 16:17:51",2717,2508,73568,0,,2.6,75.3,4.26,94.85,,5.3
"2022-01-07 16:17:52",2724,2515,73508,41.46605,1.912547,4.95,106.2,4.24,94.95,,5.5
"2022-01-07 16:17:54",2739,2530,73373,0,,5.5,88.2,4.2,95.05,,5.9
"2022-01-07 16:17:55",2746,2537,73306,41.466032,1.912707,3.3,117.7,4.18,95.05,19,6.1
"2022-01-07 16:17:56",2755,2546,73223,0,,3.3,117.7,4.16,95.05,,6.3
"2022-01-07 16:17:57",2765,2556,73139,0,,5.25,121.5,4.15,95.05,,6.5
"2022-01-07 16:17:58",2774,2565,73056,41.465955,1.912862,5.6,118.1,4.11,95.1,,7
"2022-01-07 16:17:59",2784,2575,72972,0,,5.6,118.1,4.08,95.15,,7.5
"2022-01-07 16:18:00",2793,2584,72891,0,,7.25,112.6,4.04,95.05,,7.9
"2022-01-07 16:18:01",2802,2593,72810,41.465883,1.913098,8.65,126.7,4.01,95,,8.2
"2022-01-07 16:18:02",2811,2602,72726,0,,,,3.98,94.95,,8.3
"2022-01-07 16:18:03",2821,2612,72637,0,,,,3.96,94.85,,8.6
"2022-01-07 16:18:04",2831,2622,72548,0,,,,3.95,94.85,,8.8
"2022-01-07 16:18:05",2841,2632,72457,0,,7.9,135.5,3.93,94.8,,9.1
"2022-01-07 16:18:06",2851,2642,72370,0,,7.95,134.6,3.9,94.8,,9.1
"2022-01-07 16:18:07",2861,2652,72284,41.465527,1.913567,9.4,148.2,3.86,94.75,,9.4
"2022-01-07 16:18:08",2872,2663,72182,0,,9.35,148.2,3.84,94.65,,9.7
"2022-01-07 16:18:09",2884,2675,72082,0,,9.55,126.1,3.78,94.55,,9.9
"2022-01-07 16:18:10",2895,2686,71982,41.465423,1.913782,13.1,114.7,3.7,94.4,,10.1
"2022-01-07 16:18:11",2906,2697,71883,0,,10.2,139.9,3.61,94.2,,10.2
"2022-01-07 16:18:12",2917,2708,71788,0,,12.9,118.5,3.47,93.95,,10.3
"2022-01-07 16:18:13",2928,2719,71694,41.465243,1.914135,12.9,120.9,3.34,93.7,,10.5
"2022-01-07 16:18:14",2940,2731,71587,0,,13,134.8,3.17,93.5,,10.7
"2022-01-07 16:18:15",2952,2743,71479,0,,11.8,126,3.16,93.25,,10.9
"2022-01-07 16:18:16",2965,2756,71372,41.465048,1.914477,9.95,126.3,3.05,93.1,,11.1
"2022-01-07 16:18:17",2976,2767,71273,0,,11.15,122.1,2.93,92.9,,11.2
"2022-01-07 16:18:18",2987,2778,71172,0,,8.55,133,2.87,92.85,,11.3
"2022-01-07 16:18:19",2999,2790,71072,41.464838,1.914863,10.45,128.2,2.8,92.75,,11.5
"2022-01-07 16:18:29",3101,2892,70183,0,,9.7,135.4,1.9,92.55,,10.4
"2022-01-07 16:18:30",3111,2902,70094,0,,7.55,140.3,1.79,92.55,,10.3
"2022-01-07 16:18:31",3122,2913,70006,41.464213,1.915772,10.6,133.4,1.71,92.5,,10.2
"2022-01-07 16:18:33",3142,2933,69835,0,,10.5,125,1.53,92.4,,10.1
"2022-01-07 16:18:34",3151,2942,69756,41.464007,1.916148,9.95,122,1.47,92.4,,10
"2022-01-07 16:18:38",3182,2973,69489,0,,10.45,136.5,1.42,92.7,,9.6
"2022-01-07 16:18:39",3190,2981,69420,0,,10.45,136.5,1.43,92.9,,9.5
"2022-01-07 16:18:40",3198,2989,69352,41.46368,1.916625,9.75,137.2,1.44,93.1,,9.5
"2022-01-07 16:18:41",3205,2996,69292,0,,9.7,137.2,1.46,93.3,,9.4
"2022-01-07 16:18:42",3212,3003,69231,0,,8.6,139.1,1.45,93.45,,8.5
"2022-01-07 16:18:43",3219,3010,69170,41.463557,1.91678,10.55,133.2,1.46,93.65,,8.3
"2022-01-07 16:18:44",3226,3017,69112,0,,10.55,133.2,1.47,93.8,,8
"2022-01-07 16:18:45",3232,3023,69056,0,,10,130.2,1.46,93.9,,7.9
"2022-01-07 16:18:46",3239,3030,69000,41.463382,1.916995,8.1,148,1.38,93.95,,7.6
"2022-01-07 16:18:47",3245,3036,68950,0,,7.15,153.5,1.19,93.9,,7.3
"2022-01-07 16:18:48",3251,3042,68901,0,,12.85,139.7,1,93.7,,7.2
"2022-01-07 16:18:49",3256,3047,68852,41.463092,1.917228,7.35,152.4,0.84,93.45,17.75,7.1
"2022-01-07 16:18:50",3262,3053,68803,0,,,,0.73,93.25,,6.7
"2022-01-07 16:18:51",3268,3059,68755,0,,,,0.56,93,,6.5
"2022-01-07 16:18:52",3273,3064,68708,0,,,,0.37,92.7,,6.3
"2022-01-07 16:18:53",3279,3070,68656,0,,11,136.1,0.21,92.3,,6.2
"2022-01-07 16:18:54",3285,3076,68604,0,,9.65,151.7,0.01,91.95,,6.1
"2022-01-07 16:18:55",3292,3083,68552,41.462723,1.917572,10.95,144.1,-0.12,91.55,,6
"2022-01-07 16:18:56",3298,3089,68495,0,,10.15,142.5,-0.24,91.3,,6
"2022-01-07 16:18:57",3305,3096,68438,0,,12.2,144.6,-0.35,91.1,,6
"2022-01-07 16:18:58",3312,3103,68382,41.462483,1.917803,10.35,146.7,-0.44,90.95,,6
"2022-01-07 16:18:59",3319,3110,68321,0,,11.6,140.3,-0.57,90.9,,6.1
"2022-01-07 16:19:00",3326,3117,68261,0,,12.25,138.3,-0.67,90.9,,6.2
"2022-01-07 16:19:01",3333,3124,68202,41.46225,1.91807,10.15,136.9,-0.79,90.85,,6.4
"2022-01-07 16:19:03",3348,3139,68069,0,,15.25,136.1,-0.92,90.85,,6.7
"2022-01-07 16:19:04",3356,3147,68002,41.461918,1.91861,17.05,123.7,-0.86,91,,6.8
"2022-01-07 16:19:05",3361,3152,67961,0,,17.05,123.7,-0.78,91.3,,6.8
"2022-01-07 16:19:06",3366,3157,67921,0,,15,121.8,-0.71,91.65,,6.7
"2022-01-07 16:19:07",3371,3162,67882,41.461773,1.918942,16.25,116.6,-0.68,92.05,,6.5
"2022-01-07 16:19:08",3372,3163,67867,0,,15.05,114.8,-0.68,92.45,,6.2
"2022-01-07 16:19:09",3374,3165,67852,0,,14.9,117,-0.69,92.75,,5.8
"2022-01-07 16:19:10",3376,3167,67838,41.461533,1.919592,14.7,115.4,-0.71,93.05,,5.5
"2022-01-07 16:19:11",3377,3168,67831,0,,14.7,115.4,-0.71,93.3,,5
"2022-01-07 16:19:12",3377,3168,67824,0,,16.3,115.9,-0.72,93.55,,4.5
"2022-01-07 16:19:13",3378,3169,67818,41.461367,1.920085,13.55,113.4,-0.74,93.8,,4
"2022-01-07 16:19:17",3378,3169,67819,0,,,,-0.73,94.5,,1.7
"2022-01-07 16:19:18",3378,3169,67819,0,,,,-0.75,94.7,,1.3
"2022-01-07 16:19:19",3378,3169,67820,0,,,,-0.89,94.8,,0.9
"2022-01-07 16:19:20",3378,3169,67822,0,,11.7,116.8,-1.1,94.85,,0.4
"2022-01-07 16:19:21",3377,3168,67824,0,,10.85,115.8,-1.28,94.65,,0.3
"2022-01-07 16:19:22",3377,3168,67826,41.4609,1.921243,12.35,120.3,-1.43,94.35,,0.1
"2022-01-07 16:19:23",3377,3168,67829,0,,12.35,120.3,-1.59,94,,0
"2022-01-07 16:19:24",3376,3167,67833,0,,11.85,115.1,-1.69,93.6,,-0.1
"2022-01-07 16:19:25",3376,3167,67838,41.46075,1.9216,11.6,127.1,-1.75,93.15,,-0.2
"2022-01-07 16:19:29",3373,3164,67860,0,,12.05,131.5,-2.02,92.45,,-0.4
"2022-01-07 16:19:30",3372,3163,67866,0,,8.1,124.4,-2.06,92.25,,-0.5
"2022-01-07 16:19:31",3372,3163,67872,41.460498,1.922078,10.3,125.6,-2.07,91.95,,-0.5
"2022-01-07 16:19:33",3369,3160,67893,0,,9.9,122.3,-2.14,91.4,,-0.6
"2022-01-07 16:19:34",3368,3159,67904,41.460303,1.922447,9.7,132.2,-2.15,90.95,,-0.7
"2022-01-07 16:19:38",3360,3151,67968,0,,,,-2.1,88.8,,-1.2
"2022-01-07 16:19:39",3359,3150,67983,0,,,,-2.08,88.3,,-1.2
"2022-01-07 16:19:40",3357,3148,67998,0,,,,-2.06,87.85,,-1.2
"2022-01-07 16:19:42",3353,3144,68029,0,,9.3,133.8,-1.99,87,,-1.6
"2022-01-07 16:19:43",3351,3142,68046,41.459857,1.92329,9.7,121.3,-1.97,86.6,15.25,-1.7
"2022-01-07 16:19:44",3350,3141,68059,0,,9.7,121.3,-1.93,86.25,,-1.7
"2022-01-07 16:19:45",3348,3139,68074,0,,9.45,131.5,-1.9,85.9,,-1.8
"2022-01-07 16:19:46",3346,3137,68090,41.459682,1.923542,9.6,128.8,-1.86,85.55,,-1.8
"2022-01-07 16:19:47",3344,3135,68103,0,,,,-1.81,85.2,,-1.8
"2022-01-07 16:19:48",3343,3134,68118,0,,,,-1.77,84.9,,-1.8
"2022-01-07 16:19:49",3341,3132,68134,0,,,,-1.72,84.6,,-1.8
"2022-01-07 16:19:50",3339,3130,68146,0,,10.05,136.5,-1.67,84.2,,-1.8
"2022-01-07 16:19:51",3338,3129,68159,0,,8.7,135.4,-1.64,83.8,,-1.8
"2022-01-07 16:19:52",3336,3127,68172,41.459397,1.923957,10.45,143.1,-1.62,83.4,,-1.7
"2022-01-07 16:19:53",3335,3126,68183,0,,10.4,143.1,-1.6,83,,-1.7
"2022-01-07 16:19:54",3334,3125,68193,0,,9.85,145.6,-1.57,82.65,,-1.7
"2022-01-07 16:19:55",3333,3124,68204,41.459203,1.924187,9.7,134.1,-1.54,82.4,,-1.6
"2022-01-07 16:19:56",3331,3122,68214,0,,8.9,136.4,-1.51,82.1,,-1.6
"2022-01-07 16:19:57",3330,3121,68227,0,,8.9,136.4,-1.48,81.85,,-1.5
"2022-01-07 16:19:58",3328,3119,68240,41.459018,1.924403,8.2,133.8,-1.45,81.55,,-1.5
"2022-01-07 16:19:59",3327,3118,68247,0,,,,-1.42,81.3,,-1.5
"2022-01-07 16:20:00",3326,3117,68256,0,,,,-1.4,80.95,,-1.4
"2022-01-07 16:20:01",3325,3116,68266,0,,,,-1.38,80.7,,-1.3
"2022-01-07 16:20:04",3321,3112,68302,41.458512,1.92486,10.05,147.8,-1.32,80.05,,-1.3
"2022-01-07 16:20:06",3318,3109,68323,0,,9.25,153.1,-1.24,79.7,,-1.3
"2022-01-07 16:20:07",3317,3108,68334,41.458273,1.92504,11.55,144.5,-1.2,79.5,,-1.3
"2022-01-07 16:20:09",3315,3106,68352,0,,10.5,150.6,-1.15,79.05,,-1.3
"2022-01-07 16:20:10",3314,3105,68362,41.458113,1.92515,10,148.9,-1.11,78.8,14.25,-1.2
"2022-01-07 16:20:11",3313,3104,68371,0,,,,-1.08,78.55,,-1.2
"2022-01-07 16:20:12",3312,3103,68380,0,,,,-1.05,78.3,,-1.2
"2022-01-07 16:20:13",3311,3102,68390,0,,,,-1.03,78.1,,-1.2
"2022-01-07 16:20:15",3310,3101,68394,0,,9.55,155.8,-0.97,77.55,,-1.1
"2022-01-07 16:20:16",3310,3101,68396,41.457587,1.925413,10.8,165.5,-0.95,77.3,,-0.9
"2022-01-07 16:20:17",3310,3101,68392,0,,,,-0.93,77.05,,-0.8
"2022-01-07 16:20:18",3311,3102,68389,0,,,,-0.91,76.75,,-0.6
"2022-01-07 16:20:19",3311,3102,68386,0,,,,-0.89,76.5,,-0.5
"2022-01-07 16:20:21",3313,3104,68371,0,,10.35,165,-0.85,76.3,,-0.3
"2022-01-07 16:20:22",3314,3105,68364,41.457032,1.925658,11.45,167.3,-0.79,76.5,,-0.1
"2022-01-07 16:20:24",3317,3108,68340,0,,11.55,162,-0.87,77.8,,0.4
"2022-01-07 16:20:25",3318,3109,68328,41.456612,1.925842,13.95,159.9,-0.91,78.65,,0.6
"2022-01-07 16:20:26",3321,3112,68300,0,,,,-1,79.55,,0.8
"2022-01-07 16:20:27",3324,3115,68273,0,,,,-1.06,80.35,,1
"2022-01-07 16:20:28",3328,3119,68246,0,,,,-1.15,81.15,,1.3
"2022-01-07 16:20:29",3331,3122,68219,0,,15.05,164.2,-1.25,81.85,,1.6
"2022-01-07 16:20:30",3334,3125,68192,0,,16.2,155.9,-1.34,82.55,,1.8
"2022-01-07 16:20:31",3337,3128,68166,41.455998,1.926242,14.55,135.9,-1.42,83.2,,2
"2022-01-07 16:20:33",3340,3131,68137,0,,14.4,143.9,-1.57,84.35,,2.3
"2022-01-07 16:20:34",3342,3133,68124,41.455657,1.926532,14.85,147.8,-1.65,84.9,,2.3
"2022-01-07 16:20:35",3343,3134,68112,0,,14.85,147.8,-1.71,85.35,,2.3
"2022-01-07 16:20:36",3345,3136,68101,0,,15.65,143,-1.77,85.75,,2.3
"2022-01-07 16:20:37",3346,3137,68090,41.455333,1.926805,14.25,152.6,-1.81,86.2,13.25,2.3
"2022-01-07 16:20:38",3346,3137,68093,0,,,,-1.81,86.65,,2.1
"2022-01-07 16:20:39",3345,3136,68096,0,,,,-1.82,87.1,,1.8
"2022-01-07 16:20:40",3345,3136,68100,0,,,,-1.8,87.55,,1.6
"2022-01-07 16:20:41",3344,3135,68102,0,,15.05,142.9,-1.78,88,,1.3
"2022-01-07 16:20:42",3344,3135,68105,0,,13.55,142.7,-1.76,88.45,,1
"2022-01-07 16:20:43",3344,3135,68108,41.45475,1.927365,12.5,149.9,-1.75,88.9,,0.8
"2022-01-07 16:20:47",3348,3139,68069,0,,11.4,153.3,-1.68,90.7,,0.5
"2022-01-07 16:20:48",3350,3141,68059,0,,12.1,153.9,-1.66,91.05,,0.5
"2022-01-07 16:20:49",3351,3142,68050,41.454093,1.927835,11.6,143.4,-1.64,91.45,,0.5
"2022-01-07 16:20:50",3351,3142,68048,0,,11.6,143.4,-1.62,91.75,,0.4
"2022-01-07 16:20:51",3351,3142,68046,0,,11.25,163.1,-1.59,92.15,,0.4
"2022-01-07 16:20:52",3351,3142,68044,41.453833,1.928005,10,145.6,-1.55,92.55,,0.5
"2022-01-07 16:20:53",3352,3143,68035,0,,10,145.6,-1.52,92.85,,0.7
"2022-01-07 16:20:54",3353,3144,68027,0,,9.55,154.1,-1.47,93.15,,0.8
"2022-01-07 16:20:55",3354,3145,68020,41.453617,1.928173,9.1,137,-1.41,93.45,,0.9
"2022-01-07 16:20:56",3357,3148,67995,0,,9.15,137,-1.35,93.8,,1
"2022-01-07 16:20:57",3360,3151,67969,0,,10.45,124.6,-1.32,94.1,,1.2
"2022-01-07 16:20:58",3363,3154,67944,41.453503,1.928338,8.25,133.7,-1.26,94.35,,1.3
"2022-01-07 16:20:59",3366,3157,67917,0,,,,-1.25,94.6,,1.4
"2022-01-07 16:21:00",3370,3161,67890,0,,,,-1.24,94.85,,1.6
"2022-01-07 16:21:01",3373,3164,67864,0,,,,-1.21,95.1,,1.8
"2022-01-07 16:21:04",3379,3170,67814,41.453313,1.928803,4.2,135,-1.24,95.6,12,2.3
"2022-01-07 16:21:08",3384,3175,67764,0,,6.85,113.8,-1.32,96.1,,2.3
"2022-01-07 16:21:09",3386,3177,67752,0,,8.45,114.4,-1.3,96.2,,2.2
"2022-01-07 16:21:10",3387,3178,67740,41.453143,1.929218,6.6,116.3,-1.28,96.3,,2.1
"2022-01-07 16:21:14",3390,3181,67719,0,,5.4,126.3,-1.26,96.7,,1.3
"2022-01-07 16:21:15",3390,3181,67714,0,,7.75,120,-1.26,96.8,,1.3
"2022-01-07 16:21:16",3391,3182,67710,41.45295,1.929648,9.1,122.9,-1.26,96.85,,1.2
"2022-01-07 16:21:17",3391,3182,67705,0,,5.2,137.5,-1.26,96.9,,1
"2022-01-07 16:21:18",3392,3183,67701,0,,8.6,127,-1.26,97,,0.9
"2022-01-07 16:21:19",3392,3183,67698,41.452832,1.929847,5.6,113.2,-1.28,97.05,,0.9
"2022-01-07 16:21:20",3394,3185,67687,0,,8.8,128.7,-1.3,97.1,,0.8
"2022-01-07 16:21:21",3395,3186,67676,0,,8.55,135.5,-1.31,97.2,,0.7
"2022-01-07 16:21:22",3396,3187,67666,41.452702,1.930058,5.75,126.3,-1.32,97.2,,0.7
"2022-01-07 16:21:23",3398,3189,67648,0,,5.75,126.3,-1.32,97.2,,0.8
"2022-01-07 16:21:24",3400,3191,67631,0,,6.5,122.5,-1.33,97.25,,0.9
"2022-01-07 16:21:25",3402,3193,67614,41.452607,1.93026,6.3,118.9,-1.33,97.3,,1
"2022-01-07 16:21:26",3405,3196,67591,0,,8.4,111.8,-1.34,97.35,,1.3
"2022-01-07 16:21:27",3408,3199,67568,0,,8.25,113.4,-1.36,97.4,,1.4
"2022-01-07 16:21:28",3410,3201,67546,41.452525,1.930517,6.95,111,-1.38,97.45,,1.6
"2022-01-07 16:21:29",3413,3204,67526,0,,7.6,114.1,-1.4,97.4,,1.8
"2022-01-07 16:21:30",3415,3206,67507,0,,8.5,116.2,-1.41,97.45,,1.9
"2022-01-07 16:21:31",3417,3208,67488,41.452437,1.930765,6.6,116,-1.43,97.5,11,2.1
"2022-01-07 16:21:35",3421,3212,67452,0,,,,-1.46,97.6,,2
"2022-01-07 16:21:36",3423,3214,67443,0,,,,-1.48,97.65,,1.9
"2022-01-07 16:21:37",3424,3215,67434,0,,,,-1.48,97.65,,1.8
"2022-01-07 16:21:38",3425,3216,67421,0,,6.85,118.1,-1.49,97.65,,1.8
"2022-01-07 16:21:39",3427,3218,67408,0,,6.85,118.1,-1.51,97.7,,1.7
"2022-01-07 16:21:40",3428,3219,67396,41.452133,1.931533,8.75,118.6,-1.52,97.7,,1.6
"2022-01-07 16:21:41",3430,3221,67381,0,,7.4,116.3,-1.55,97.75,,1.5
"2022-01-07 16:21:42",3432,3223,67366,0,,7.4,116.3,-1.56,97.75,,1.5
"2022-01-07 16:21:43",3433,3224,67352,41.45203,1.931807,7.7,113.1,-1.57,97.8,,1.4
"2022-01-07 16:21:47",3437,3228,67322,0,,9.35,117.1,-1.55,97.95,,1.3
"2022-01-07 16:21:48",3438,3229,67315,0,,7.55,108.2,-1.54,97.95,,1.3
"2022-01-07 16:21:49",3439,3230,67308,41.451792,1.932365,10.1,121.6,-1.54,98,,1.2
"2022-01-07 16:21:50",3440,3231,67299,0,,10.1,121.6,-1.54,98.05,,1.2
"2022-01-07 16:21:51",3441,3232,67290,0,,9.55,119.8,-1.55,98.1,,1.2
"2022-01-07 16:21:52",3442,3233,67282,41.451672,1.932643,10.1,123.8,-1.54,98.1,,1.1
"2022-01-07 16:21:53",3443,3234,67271,0,,7.55,126.4,-1.54,98.1,,1.1
"2022-01-07 16:21:54",3444,3235,67259,0,,9.3,124,-1.55,98.15,,1.1
"2022-01-07 16:21:55",3446,3237,67248,41.451492,1.932977,8.5,129,-1.56,98.2,,1.1
"2022-01-07 16:21:59",3447,3238,67239,0,,,,-1.61,98.15,,0.8
"2022-01-07 16:22:00",3447,3238,67237,0,,,,-1.65,98.15,,0.8
"2022-01-07 16:22:01",3447,3238,67236,0,,,,-1.69,98.15,,0.7
"2022-01-07 16:22:04",3448,3239,67232,41.451207,1.93373,8.6,121.5,-1.74,98.1,,0.5
"2022-01-07 16:22:05",3448,3239,67231,0,,,,-1.76,98.1,,0.5
"2022-01-07 16:22:06",3448,3239,67230,0,,,,-1.76,98.1,,0.4
"2022-01-07 16:22:07",3448,3239,67230,0,,,,-1.78,98.1,,0.3
"2022-01-07 16:22:08",3447,3238,67233,0,,7.3,110.1,-1.8,98.1,,0.1
"2022-01-07 16:22:09",3447,3238,67236,0,,8.85,118.8,-1.8,98.1,,0.1
"2022-01-07 16:22:10",3447,3238,67240,41.451028,1.934142,6.95,117.4,-1.81,98.1,,0.1
"2022-01-07 16:22:11",3446,3237,67241,0,,6.95,117.4,-1.8,98.15,,0
"2022-01-07 16:22:12",3446,3237,67243,0,,7.6,127.5,-1.8,98.15,,-0.1
"2022-01-07 16:22:13",3446,3237,67246,41.45093,1.934398,8.5,109.7,-1.8,98.15,,-0.1
"2022-01-07 16:22:14",3446,3237,67248,0,,8.9,128.1,-1.81,98.15,,-0.1
"2022-01-07 16:22:15",3445,3236,67250,0,,8.9,128.1,-1.81,98.15,,-0.1
"2022-01-07 16:22:16",3445,3236,67252,41.450773,1.93471,7.4,118.6,-1.8,98.15,,-0.2
"2022-01-07 16:22:17",3445,3236,67254,0,,,,-1.78,98.2,,-0.2
"2022-01-07 16:22:18",3445,3236,67257,0,,,,-1.77,98.2,,-0.2
"2022-01-07 16:22:19",3444,3235,67260,0,,,,-1.76,98.2,,-0.3
"2022-01-07 16:22:26",3432,3223,67367,0,,,,-1.77,98.35,,-1.1
"2022-01-07 16:22:27",3430,3221,67382,0,,,,-1.78,98.35,,-1.2
"2022-01-07 16:22:28",3428,3219,67398,0,,,,-1.79,98.4,,-1.4
"2022-01-07 16:22:34",3414,3205,67512,41.450378,1.935942,6.5,105.3,-1.91,98.4,,-2
"2022-01-07 16:22:36",3408,3199,67562,0,,5.05,102.3,-1.98,98.35,,-2.1
"2022-01-07 16:22:37",3405,3196,67588,41.450323,1.936153,7.2,109.1,-2.04,98.35,,-2.2
"2022-01-07 16:22:39",3400,3191,67630,0,,9.25,107.9,-2.07,98.3,,-2.4
"2022-01-07 16:22:40",3398,3189,67652,41.45024,1.936427,5.85,136.1,-2.05,98.25,,-2.5
"2022-01-07 16:22:41",3397,3188,67660,0,,,,-2.01,98.25,,-2.4
"2022-01-07 16:22:42",3396,3187,67669,0,,,,-1.99,98.25,,-2.3
"2022-01-07 16:22:43",3395,3186,67678,0,,,,-1.98,98.3,,-2.2
"2022-01-07 16:22:45",3393,3184,67691,0,,8.2,97,-1.96,98.35,,-2
"2022-01-07 16:22:46",3392,3183,67698,41.45009,1.936867,6.15,124.7,-1.97,98.4,,-1.8
"2022-01-07 16:22:47",3391,3182,67705,0,,,,-1.97,98.4,,-1.8
"2022-01-07 16:22:48",3391,3182,67712,0,,,,-1.97,98.4,,-1.7
"2022-01-07 16:22:49",3390,3181,67720,0,,,,-1.96,98.45,,-1.4
"2022-01-07 16:22:50",3389,3180,67724,0,,5,99.8,-1.96,98.45,,-1.2
"2022-01-07 16:22:51",3389,3180,67729,0,,6.55,132.3,-1.96,98.5,,-1
"2022-01-07 16:22:52",3388,3179,67734,41.449848,1.937427,6.9,115.9,-1.96,98.5,9.5,-0.8
"2022-01-07 16:22:56",3387,3178,67744,0,,10.35,108.6,-1.93,98.55,,-0.6
"2022-01-07 16:22:57",3386,3177,67747,0,,8.75,111.8,-1.87,98.6,,-0.6
"2022-01-07 16:22:58",3386,3177,67750,41.449672,1.937862,4.85,123.3,-1.82,98.6,,-0.5
"2022-01-07 16:22:59",3384,3175,67763,0,,,,-1.78,98.65,,-0.6
"2022-01-07 16:23:00",3383,3174,67777,0,,,,-1.74,98.75,,-0.6
"2022-01-07 16:23:01",3381,3172,67792,0,,,,-1.7,98.8,,-0.7
"2022-01-07 16:23:03",3380,3171,67798,0,,5.95,118.5,-1.64,98.8,,-0.7
"2022-01-07 16:23:04",3380,3171,67802,41.449577,1.938263,7.15,116.8,-1.61,98.85,,-0.7
"2022-01-07 16:23:08",3376,3167,67833,0,,7.9,123.2,-1.52,99,,-0.7
"2022-01-07 16:23:09",3375,3166,67841,0,,9.25,125.5,-1.51,99,,-0.9
"2022-01-07 16:23:10",3374,3165,67850,41.449308,1.938842,8.1,123.9,-1.51,99.05,,-0.9
"2022-01-07 16:23:11",3374,3165,67855,0,,8.05,123.9,-1.51,99.05,,-1
"2022-01-07 16:23:12",3373,3164,67861,0,,8.15,136.5,-1.5,99.05,,-0.9
"2022-01-07 16:23:13",3372,3163,67868,41.449168,1.939048,6,127.2,-1.5,99.05,,-0.8
"2022-01-07 16:23:15",3369,3160,67896,0,,9.25,127.6,-1.51,99.05,,-1
"2022-01-07 16:23:16",3367,3158,67910,41.448985,1.9393,9.3,135.3,-1.51,99.1,,-1.1
"2022-01-07 16:23:20",3364,3155,67933,0,,10.65,129.9,-1.55,99.15,,-1
"2022-01-07 16:23:21",3364,3155,67939,0,,9.55,136.9,-1.55,99.15,,-1
"2022-01-07 16:23:22",3363,3154,67946,41.448595,1.939865,12.45,127.9,-1.55,99.15,,-0.9
"2022-01-07 16:23:23",3362,3153,67952,0,,10.7,137.7,-1.55,99.1,,-1
"2022-01-07 16:23:24",3361,3152,67959,0,,10.7,137.7,-1.55,99.1,,-1
"2022-01-07 16:23:25",3361,3152,67966,41.448462,1.940037,9.9,132.8,-1.54,99.15,,-1
"2022-01-07 16:23:26",3360,3151,67972,0,,9.3,123.6,-1.54,99.15,,-0.9
"2022-01-07 16:23:27",3359,3150,67979,0,,9.3,123.6,-1.54,99.15,,-0.8
"2022-01-07 16:23:28",3358,3149,67986,41.4483,1.940297,8.05,112.5,-1.53,99.15,,-0.7
"2022-01-07 16:23:33",3355,3146,68014,0,,8.3,130.3,-1.51,99.2,,-0.7
"2022-01-07 16:23:34",3354,3145,68020,41.44797,1.940845,8.7,131.6,-1.52,99.2,,-0.7
"2022-01-07 16:23:35",3355,3146,68013,0,,8.7,131.6,-1.52,99.2,,-0.6
"2022-01-07 16:23:36",3356,3147,68006,0,,9.5,138.7,-1.52,99.2,,-0.5
"2022-01-07 16:23:37",3357,3148,68000,41.4478,1.941097,10.15,135.4,-1.52,99.25,,-0.4
"2022-01-07 16:23:38",3356,3147,68002,0,,10.15,135.4,-1.52,99.25,,-0.3
"2022-01-07 16:23:39",3356,3147,68004,0,,8.35,122.4,-1.53,99.25,,-0.3
"2022-01-07 16:23:40",3356,3147,68006,41.44771,1.941293,12.55,121.3,-1.53,99.25,,-0.2
"2022-01-07 16:23:41",3355,3146,68013,0,,,,-1.53,99.25,,-0.2
"2022-01-07 16:23:42",3354,3145,68020,0,,,,-1.53,99.25,,-0.3
"2022-01-07 16:23:43",3353,3144,68028,0,,,,-1.53,99.25,,-0.3
"2022-01-07 16:23:44",3353,3144,68029,0,,9.2,127.1,-1.54,99.25,,-0.3
"2022-01-07 16:23:45",3353,3144,68030,0,,10.55,117.8,-1.53,99.3,,-0.2
"2022-01-07 16:23:46",3353,3144,68032,41.447425,1.941875,7.2,120.9,-1.53,99.3,8.25,-0.1
"2022-01-07 16:23:47",3352,3143,68039,0,,9.85,115.1,-1.52,99.25,,-0.2
"2022-01-07 16:23:48",3351,3142,68047,0,,8.6,113.3,-1.51,99.25,,-0.3
"2022-01-07 16:23:49",3350,3141,68056,41.447318,1.942148,7.65,119.9,-1.51,99.3,,-0.4
"2022-01-07 16:23:50",3350,3141,68059,0,,,,-1.49,99.3,,-0.5
"2022-01-07 16:23:51",3349,3140,68063,0,,,,-1.48,99.3,,-0.6
"2022-01-07 16:23:52",3349,3140,68068,0,,,,-1.48,99.3,,-0.6
"2022-01-07 16:23:53",3348,3139,68074,0,,,,-1.47,99.35,,-0.6
"2022-01-07 16:23:54",3347,3138,68080,0,,,,-1.47,99.35,,-0.6
"2022-01-07 16:23:55",3346,3137,68086,0,,,,-1.46,99.35,,-0.6
"2022-01-07 16:23:56",3345,3136,68095,0,,9.65,108.1,-1.46,99.35,,-0.6
"2022-01-07 16:23:57",3344,3135,68104,0,,9.05,117,-1.45,99.35,,-0.7
"2022-01-07 16:23:58",3343,3134,68114,41.44692,1.943022,10.7,120.9,-1.43,99.35,,-0.8
"2022-01-07 16:23:59",3342,3133,68125,0,,10.7,120.9,-1.43,99.35,,-0.8
"2022-01-07 16:24:00",3340,3131,68136,0,,9.55,116.8,-1.43,99.4,,-0.9
"2022-01-07 16:24:01",3339,3130,68148,41.44681,1.943317,9.85,110,-1.42,99.4,,-0.9
"2022-01-07 16:24:02",3338,3129,68159,0,,,,-1.4,99.35,,-1
"2022-01-07 16:24:03",3336,3127,68171,0,,,,-1.4,99.45,,-1.1
"2022-01-07 16:24:04",3335,3126,68184,0,,,,-1.39,99.45,,-1.1
"2022-01-07 16:24:05",3334,3125,68193,0,,11.2,117.9,-1.38,99.45,,-1.1
"2022-01-07 16:24:06",3333,3124,68203,0,,10.25,123.1,-1.38,99.45,,-1.2
"2022-01-07 16:24:07",3331,3122,68214,41.446543,1.94397,11.95,120.4,-1.38,99.45,,-1.2
"2022-01-07 16:24:08",3330,3121,68226,0,,9.7,122.2,-1.37,99.45,,-1.3
"2022-01-07 16:24:09",3329,3120,68238,0,,9.2,119.7,-1.36,99.45,,-1.3
"2022-01-07 16:24:10",3327,3118,68250,41.44641,1.94427,9.5,120.5,-1.34,99.45,,-1.3
"2022-01-07 16:24:11",3326,3117,68259,0,,,,-1.33,99.45,,-1.3
"2022-01-07 16:24:12",3325,3116,68268,0,,,,-1.33,99.5,,-1.3
"2022-01-07 16:24:13",3324,3115,68278,0,,,,-1.33,99.5,7.75,-1.3
"2022-01-07 16:24:14",3324,3115,68279,0,,9.85,123.9,-1.33,99.5,,-1.2
"2022-01-07 16:24:15",3323,3114,68280,0,,9.85,123.9,-1.32,99.55,,-1.1
"2022-01-07 16:24:16",3323,3114,68282,41.446112,1.945,9.5,116.2,-1.33,99.55,,-1
"2022-01-07 16:24:17",3323,3114,68282,0,,,,-1.33,99.55,,-0.9
"2022-01-07 16:24:18",3323,3114,68283,0,,,,-1.34,99.55,,-0.8
"2022-01-07 16:24:19",3323,3114,68284,0,,,,-1.36,99.55,,-0.7
"2022-01-07 16:24:20",3323,3114,68285,0,,9.55,110,-1.36,99.55,,-0.6
"2022-01-07 16:24:21",3323,3114,68286,0,,8.85,115.7,-1.36,99.55,,-0.5
"2022-01-07 16:24:22",3323,3114,68288,41.44592,1.945495,10.5,124.4,-1.35,99.55,,-0.4
"2022-01-07 16:24:26",3318,3109,68325,0,,10.85,125.5,-1.36,99.55,,-0.4
"2022-01-07 16:24:27",3317,3108,68334,0,,12.45,125.6,-1.35,99.55,,-0.5
"2022-01-07 16:24:28",3316,3107,68344,41.445638,1.946143,9.9,117.8,-1.36,99.55,,-0.6
"2022-01-07 16:24:29",3315,3106,68352,0,,9.9,117.8,-1.37,99.6,,-0.7
"2022-01-07 16:24:30",3314,3105,68360,0,,9.8,122.9,-1.35,99.6,,-0.8
"2022-01-07 16:24:31",3313,3104,68368,41.445512,1.946475,9.25,109.9,-1.35,99.6,,-0.8
"2022-01-07 16:24:33",3312,3103,68381,0,,,,-1.35,99.6,,-0.9
"2022-01-07 16:24:34",3311,3102,68388,0,,,,-1.35,99.6,,-1
"2022-01-07 16:24:35",3311,3102,68385,0,,,,-1.35,99.6,,-0.9
"2022-01-07 16:24:36",3312,3103,68382,0,,,,-1.35,99.6,,-0.8
"2022-01-07 16:24:37",3312,3103,68380,0,,,,-1.36,99.6,,-0.7
"2022-01-07 16:24:38",3311,3102,68385,0,,,,-1.36,99.6,,-0.7
"2022-01-07 16:24:39",3311,3102,68390,0,,,,-1.36,99.6,,-0.6
"2022-01-07 16:24:40",3310,3101,68396,0,,,,-1.41,99.55,7.25,-0.6
"2022-01-07 16:24:41",3309,3100,68407,0,,10.25,125.6,-1.48,99.55,,-0.6
"2022-01-07 16:24:42",3307,3098,68418,0,,11.1,115.4,-1.52,99.5,,-0.6
"2022-01-07 16:24:43",3306,3097,68430,41.444967,1.947702,7.95,126.2,-1.59,99.4,,-0.6
"2022-01-07 16:24:44",3304,3095,68443,0,,11.95,114.9,-1.64,99.35,,-0.7
"2022-01-07 16:24:45",3303,3094,68456,0,,10.5,112.1,-1.68,99.25,,-0.7
"2022-01-07 16:24:46",3301,3092,68470,41.44484,1.948038,10.3,121.7,-1.7,99.1,,-0.8
"2022-01-07 16:24:50",3295,3086,68523,0,,11.65,118.3,-1.75,98.6,,-1.3
"2022-01-07 16:24:51",3293,3084,68536,0,,8.4,122.9,-1.7,98.45,,-1.4
"2022-01-07 16:24:52",3292,3083,68550,41.444565,1.948818,11.4,115.4,-1.66,98.45,,-1.5
"2022-01-07 16:24:53",3290,3081,68563,0,,,,-1.63,98.4,,-1.5
"2022-01-07 16:24:54",3289,3080,68576,0,,,,-1.6,98.45,,-1.5
"2022-01-07 16:24:55",3287,3078,68590,0,,,,-1.56,98.55,,-1.6
"2022-01-07 16:24:56",3285,3076,68605,0,,9.3,120.3,-1.52,98.55,,-1.6
"2022-01-07 16:24:57",3283,3074,68621,0,,11.05,121.7,-1.5,98.65,,-1.6
"2022-01-07 16:24:58",3281,3072,68638,41.444318,1.949462,10.25,116,-1.46,98.7,,-1.6
"2022-01-07 16:25:00",3280,3071,68651,0,,,,-1.39,98.85,,-1.5
"2022-01-07 16:25:01",3279,3070,68658,0,,,,-1.37,98.9,,-1.5
"2022-01-07 16:25:04",3275,3066,68690,41.444113,1.950015,10.05,107.3,-1.33,99.05,,-1.4
"2022-01-07 16:25:05",3274,3065,68701,0,,,,-1.33,99.1,,-1.4
"2022-01-07 16:25:06",3273,3064,68712,0,,,,-1.33,99.15,,-1.3
"2022-01-07 16:25:07",3271,3062,68724,0,,,,-1.36,99.15,7,-1.3
"2022-01-07 16:25:09",3269,3060,68741,0,,12.55,111.8,-1.37,99.15,,-1.2
"2022-01-07 16:25:10",3268,3059,68750,41.443798,1.950805,10.25,119,-1.38,99.15,,-1.2
"2022-01-07 16:25:12",3268,3059,68754,0,,10.7,110.1,-1.4,99.05,,-1
"2022-01-07 16:25:13",3268,3059,68756,41.443687,1.951128,8.5,117.3,-1.41,99.05,,-1
"2022-01-07 16:25:14",3268,3059,68755,0,,,,-1.42,99,,-0.9
"2022-01-07 16:25:15",3268,3059,68754,0,,,,-1.42,99,,-0.8
"2022-01-07 16:25:16",3268,3059,68754,0,,,,-1.43,98.95,,-0.8
"2022-01-07 16:25:18",3268,3059,68752,0,,9.7,111.7,-1.45,98.85,,-0.5
"2022-01-07 16:25:19",3268,3059,68752,41.443458,1.951725,9.05,120,-1.43,98.8,,-0.4
"2022-01-07 16:25:21",3267,3058,68764,0,,7.35,116.4,-1.43,98.75,,-0.2
"2022-01-07 16:25:22",3266,3057,68770,41.443392,1.951912,10.35,113.8,-1.46,98.7,,-0.2
"2022-01-07 16:25:26",3261,3052,68811,0,,8.6,130.6,-1.4,98.45,,-0.5
"2022-01-07 16:25:27",3260,3051,68821,0,,9.55,109.9,-1.36,98.45,,-0.7
"2022-01-07 16:25:28",3259,3050,68832,41.443155,1.952487,9.45,119.2,-1.33,98.45,,-0.8
"2022-01-07 16:25:29",3257,3048,68846,0,,9,123.2,-1.27,98.5,,-0.8
"2022-01-07 16:25:30",3255,3046,68861,0,,10.7,113.3,-1.25,98.55,,-1.1
"2022-01-07 16:25:31",3254,3045,68876,41.44298,1.952878,9.7,131.1,-1.23,98.6,,-1.2
"2022-01-07 16:25:33",3251,3042,68898,0,,9.9,120.5,-1.2,98.75,,-1.3
"2022-01-07 16:25:34",3250,3041,68910,41.442902,1.953078,8.7,117.6,-1.21,98.8,7,-1.4
"2022-01-07 16:25:38",3242,3033,68973,0,,8.75,120.1,-1.2,98.85,,-1.6
"2022-01-07 16:25:39",3240,3031,68989,0,,9.05,110.7,-1.18,98.85,,-1.6
"2022-01-07 16:25:40",3238,3029,69006,41.442662,1.953678,10.3,126.9,-1.16,98.85,,-1.7
"2022-01-07 16:25:41",3237,3028,69013,0,,9.15,120.6,-1.15,98.85,,-1.6
"2022-01-07 16:25:42",3237,3028,69019,0,,10.15,111.4,-1.12,98.85,,-1.5
"2022-01-07 16:25:43",3236,3027,69026,41.442545,1.953987,9,121.5,-1.1,98.9,,-1.4
"2022-01-07 16:25:47",3234,3025,69041,0,,11.25,121.1,-1.06,99,,-1.2
"2022-01-07 16:25:48",3234,3025,69045,0,,10.5,128.6,-1.05,99,,-1.1
"2022-01-07 16:25:49",3233,3024,69050,41.442238,1.95467,11,124.5,-1.05,99.05,,-1.1
"2022-01-07 16:25:50",3231,3022,69069,0,,11,130.8,-1.05,99.05,,-0.9
"2022-01-07 16:25:51",3229,3020,69084,0,,10.15,129.1,-1.05,99.05,,-0.9
"2022-01-07 16:25:52",3227,3018,69100,41.442067,1.954977,10.85,118.4,-1.05,99.1,,-0.9
"2022-01-07 16:25:53",3226,3017,69110,0,,10.2,124,-1.05,99.15,,-0.9
"2022-01-07 16:25:54",3224,3015,69126,0,,11.45,115.4,-1.05,99.15,,-1
"2022-01-07 16:25:55",3222,3013,69142,41.44192,1.955315,11.1,122,-1.05,99.15,,-1.1
"2022-01-07 16:25:56",3221,3012,69152,0,,11.45,128.6,-1.04,99.2,,-1.2
"2022-01-07 16:25:57",3220,3011,69163,0,,11.65,118.7,-1.04,99.25,,-1.2
"2022-01-07 16:25:58",3219,3010,69174,41.441755,1.95565,9.8,123.7,-1.04,99.25,,-1.2
"2022-01-07 16:25:59",3218,3009,69177,0,,12.2,126,-1.03,99.25,,-1.1
"2022-01-07 16:26:00",3218,3009,69180,0,,9.65,126.3,-1.03,99.25,,-1.3
"2022-01-07 16:26:01",3217,3008,69184,41.441582,1.955968,11.9,125.9,-1.02,99.25,6.75,-1.2
"2022-01-07 16:26:05",3214,3005,69215,0,,7.9,125.6,-0.97,99.25,,-1
"2022-01-07 16:26:06",3213,3004,69223,0,,11.8,128.8,-0.96,99.25,,-1
"2022-01-07 16:26:07",3212,3003,69232,41.441243,1.956563,9.35,128.4,-0.95,99.25,,-0.9
"2022-01-07 16:26:08",3210,3001,69243,0,,10.75,123.7,-0.93,99.25,,-0.9
"2022-01-07 16:26:09",3209,3000,69255,0,,10.75,123.7,-0.92,99.25,,-0.9
"2022-01-07 16:26:10",3208,2999,69268,41.44107,1.956862,10.6,127,-0.91,99.25,,-0.9
"2022-01-07 16:26:11",3206,2997,69280,0,,11.25,131.7,-0.9,99.3,,-1
"2022-01-07 16:26:12",3205,2996,69293,0,,9.6,125.3,-0.89,99.3,,-1
"2022-01-07 16:26:13",3203,2994,69306,41.440817,1.957257,11.35,128.1,-0.87,99.4,,-1.1
"2022-01-07 16:26:14",3202,2993,69313,0,,,,-0.85,99.35,,-1.2
"2022-01-07 16:26:15",3201,2992,69321,0,,,,-0.85,99.35,,-1.2
"2022-01-07 16:26:16",3200,2991,69330,0,,,,-0.88,99.35,,-1.1
"2022-01-07 16:26:17",3200,2991,69335,0,,10.6,134.7,-0.9,99.35,,-1.2
"2022-01-07 16:26:18",3199,2990,69340,0,,10.75,131.4,-0.92,99.35,,-1.1
"2022-01-07 16:26:19",3199,2990,69346,41.440483,1.95776,12.6,131.9,-0.94,99.25,,-1.1
"2022-01-07 16:26:20",3198,2989,69350,0,,10.65,130.2,-0.94,99.15,,-1.1
"2022-01-07 16:26:21",3197,2988,69355,0,,10.25,130.5,-0.92,99,,-1
"2022-01-07 16:26:22",3197,2988,69360,41.440288,1.958067,12.55,129.3,-0.93,98.95,,-0.9
"2022-01-07 16:26:23",3197,2988,69359,0,,12.55,129.3,-0.95,98.95,,-0.8
"2022-01-07 16:26:24",3197,2988,69358,0,,12.1,117.9,-0.96,98.85,,-0.6
"2022-01-07 16:26:25",3197,2988,69358,41.44011,1.958402,11.9,128,-0.96,98.75,,-0.5
"2022-01-07 16:26:27",3196,2987,69371,0,,11.3,118.7,-0.95,98.5,,-0.5
"2022-01-07 16:26:28",3195,2986,69378,41.439937,1.958755,10.4,127.4,-0.94,98.4,6.5,-0.5
"2022-01-07 16:26:29",3194,2985,69386,0,,12,116.7,-0.93,98.4,,-0.5
"2022-01-07 16:26:30",3193,2984,69394,0,,10.15,119.9,-0.94,98.25,,-0.5
"2022-01-07 16:26:31",3192,2983,69402,41.439778,1.959102,12.9,124.8,-0.94,98.15,,-0.5
"2022-01-07 16:26:32",3191,2982,69413,0,,11.1,115.1,-0.94,98.05,,-0.6
"2022-01-07 16:26:33",3189,2980,69425,0,,12.5,125.5,-0.93,97.85,,-0.7
"2022-01-07 16:26:34",3188,2979,69438,41.43956,1.95959,11.8,115.8,-0.92,97.75,,-0.8
"2022-01-07 16:26:35",3187,2978,69443,0,,11.8,115.8,-0.92,97.65,,-0.8
"2022-01-07 16:26:36",3186,2977,69449,0,,11.6,124.5,-0.92,97.5,,-0.8
"2022-01-07 16:26:37",3186,2977,69456,41.439455,1.959815,10.45,115.4,-0.91,97.35,,-0.9
"2022-01-07 16:26:38",3185,2976,69459,0,,10.4,115.4,-0.9,97.3,,-0.9
"2022-01-07 16:26:39",3185,2976,69462,0,,11.55,119.6,-0.89,97.15,,-0.9
"2022-01-07 16:26:40",3185,2976,69466,41.439298,1.960163,12.25,120.2,-0.88,97.05,,-0.9
"2022-01-07 16:26:41",3184,2975,69470,0,,,,-0.85,97,,-0.8
"2022-01-07 16:26:42",3183,2974,69475,0,,,,-0.83,96.85,,-0.8
"2022-01-07 16:26:43",3183,2974,69480,0,,,,-0.82,96.8,,-0.8
"2022-01-07 16:26:47",3180,2971,69506,0,,12.8,127.8,-0.79,96.55,,-0.6
"2022-01-07 16:26:48",3179,2970,69513,0,,11.85,126.6,-0.8,96.45,,-0.6
"2022-01-07 16:26:49",3178,2969,69520,41.438752,1.96136,11.7,112,-0.8,96.35,,-0.6
"2022-01-07 16:26:50",3177,2968,69530,0,,11.75,112,-0.79,96.2,,-0.7
"2022-01-07 16:26:51",3176,2967,69541,0,,10.95,119.1,-0.82,96.1,,-0.7
"2022-01-07 16:26:52",3174,2965,69552,41.43866,1.961592,10.25,107,-0.82,96,,-0.8
"2022-01-07 16:26:53",3173,2964,69563,0,,11.9,126.6,-0.82,95.85,,-0.9
"2022-01-07 16:26:54",3172,2963,69575,0,,10.3,103.4,-0.8,95.65,,-0.9
"2022-01-07 16:26:55",3170,2961,69588,41.438532,1.96194,11.4,124.2,-0.79,95.45,6.5,-1
"2022-01-07 16:26:59",3167,2958,69613,0,,10.75,121.1,-0.74,95,,-1
"2022-01-07 16:27:00",3167,2958,69619,0,,12.25,123.1,-0.72,94.95,,-1
"2022-01-07 16:27:01",3166,2957,69626,41.438243,1.962623,11.95,120.5,-0.71,94.85,,-1
"2022-01-07 16:27:03",3165,2956,69636,0,,,,-0.66,94.7,,-1
"2022-01-07 16:27:04",3164,2955,69642,0,,,,-0.65,94.55,,-0.9
"2022-01-07 16:27:05",3163,2954,69650,0,,12.6,115.3,-0.64,94.45,,-0.8
"2022-01-07 16:27:06",3162,2953,69657,0,,11.85,116.6,-0.62,94.35,,-0.8
"2022-01-07 16:27:07",3161,2952,69664,41.437835,1.963508,11.9,125,-0.6,94.2,,-0.7
"2022-01-07 16:27:08",3161,2952,69666,0,,11.95,125,-0.58,94.05,,-0.7
"2022-01-07 16:27:09",3161,2952,69669,0,,13.05,125.1,-0.58,94.05,,-0.7
"2022-01-07 16:27:10",3161,2952,69672,41.437657,1.963893,12.15,119.6,-0.58,94,,-0.7
"2022-01-07 16:27:11",3160,2951,69673,0,,12.1,119.6,-0.58,94,,-0.6
"2022-01-07 16:27:12",3160,2951,69675,0,,13.55,128.1,-0.57,94,,-0.6
"2022-01-07 16:27:13",3160,2951,69678,41.437522,1.964142,12.35,124.5,-0.57,93.9,,-0.5
"2022-01-07 16:27:14",3159,2950,69681,0,,13.4,122.4,-0.54,93.85,,-0.5
"2022-01-07 16:27:15",3159,2950,69684,0,,12.15,131.6,-0.53,93.75,,-0.5
"2022-01-07 16:27:16",3159,2950,69688,41.437248,1.96463,12.15,124.7,-0.52,93.7,,-0.4
"2022-01-07 16:27:17",3158,2949,69690,0,,12.2,124.7,-0.5,93.7,,-0.4
"2022-01-07 16:27:18",3158,2949,69693,0,,12.75,124.6,-0.49,93.6,,-0.4
"2022-01-07 16:27:19",3158,2949,69696,41.437038,1.964988,12.05,127.7,-0.48,93.6,,-0.4
"2022-01-07 16:27:20",3157,2948,69698,0,,12.05,133.5,-0.47,93.55,,-0.3
"2022-01-07 16:27:21",3157,2948,69701,0,,12.05,133.5,-0.46,93.5,,-0.3
"2022-01-07 16:27:22",3157,2948,69704,41.43691,1.965235,12.7,128,-0.47,93.4,6.5,-0.3
"2022-01-07 16:27:23",3156,2947,69706,0,,12.7,128,-0.47,93.3,,-0.3
"2022-01-07 16:27:24",3156,2947,69709,0,,11.05,123.7,-0.49,93.2,,-0.3
"2022-01-07 16:27:25",3156,2947,69712,41.436722,1.965568,12.5,128.2,-0.47,93,,-0.3
"2022-01-07 16:27:26",3156,2947,69713,0,,12.5,128.2,-0.46,92.75,,-0.3
"2022-01-07 16:27:27",3155,2946,69715,0,,13.35,125.2,-0.44,92.55,,-0.3
"2022-01-07 16:27:28",3155,2946,69718,41.436532,1.965915,11.45,122.6,-0.43,92.25,,-0.3
"2022-01-07 16:27:30",3154,2945,69731,0,,12,125.5,-0.41,91.75,,-0.4
"2022-01-07 16:27:31",3153,2944,69738,41.43635,1.966228,10,125.3,-0.39,91.5,,-0.4
"2022-01-07 16:27:34",3152,2943,69748,41.436178,1.96655,10.35,130,-0.36,90.8,,-0.4
"2022-01-07 16:27:39",3153,2944,69734,0,,11.75,129.7,-0.3,89.85,,-0.2
"2022-01-07 16:27:40",3154,2945,69732,41.435747,1.967267,10.85,134.9,-0.29,89.65,,-0.1
"2022-01-07 16:27:42",3154,2945,69726,0,,10.7,132.5,-0.3,89.35,,0
"2022-01-07 16:27:43",3154,2945,69724,41.435637,1.967465,10.45,118.4,-0.29,89.2,,0.1
"2022-01-07 16:27:45",3155,2946,69716,0,,10.2,130.7,-0.28,88.9,,0.2
"2022-01-07 16:27:46",3156,2947,69712,41.435423,1.96788,10.45,115.9,-0.28,88.75,,0.3
"2022-01-07 16:27:47",3156,2947,69708,0,,10.45,115.9,-0.28,88.65,,0.4
"2022-01-07 16:27:48",3157,2948,69704,0,,11.4,127.2,-0.27,88.5,,0.4
"2022-01-07 16:27:49",3157,2948,69700,41.435298,1.96809,10.8,129.5,-0.26,88.35,6.5,0.4
"2022-01-07 16:27:50",3158,2949,69695,0,,12.6,131.5,-0.26,88.15,,0.4
"2022-01-07 16:27:51",3158,2949,69690,0,,12.6,131.5,-0.24,88,,0.4
"2022-01-07 16:27:52",3159,2950,69686,41.43511,1.96841,11.55,128.7,-0.23,87.8,,0.4
"2022-01-07 16:27:53",3159,2950,69681,0,,11.4,124.2,-0.24,87.6,,0.5
"2022-01-07 16:27:54",3160,2951,69676,0,,9.75,122.2,-0.24,87.4,,0.5
"2022-01-07 16:27:55",3161,2952,69672,41.434943,1.96873,11.4,128.2,-0.24,87.25,,0.5
"2022-01-07 16:27:56",3162,2953,69662,0,,9.85,121,-0.26,87.1,,0.5
"2022-01-07 16:27:57",3163,2954,69653,0,,11,125.9,-0.23,87.05,,0.6
"2022-01-07 16:27:58",3164,2955,69644,41.434788,1.969047,10.3,117.1,-0.23,86.95,,0.6
"2022-01-07 16:27:59",3164,2955,69638,0,,,,-0.21,86.9,,0.7
"2022-01-07 16:28:00",3165,2956,69632,0,,,,-0.19,86.75,,0.7
"2022-01-07 16:28:01",3166,2957,69626,0,,,,-0.2,86.5,,0.7
"2022-01-07 16:28:03",3168,2959,69605,0,,9.95,116.3,-0.18,86.05,,0.8
"2022-01-07 16:28:04",3169,2960,69596,41.43449,1.969678,9.75,126.4,-0.2,85.9,,0.9
"2022-01-07 16:28:05",3171,2962,69585,0,,9.65,121,-0.21,85.8,,0.9
"2022-01-07 16:28:06",3172,2963,69575,0,,9.65,121,-0.21,85.75,,0.9
"2022-01-07 16:28:07",3173,2964,69566,41.434357,1.969985,9,117.6,-0.21,85.65,,1
"2022-01-07 16:28:11",3178,2969,69520,0,,,,-0.23,85.35,,1.1
"2022-01-07 16:28:12",3179,2970,69509,0,,,,-0.23,85.3,,1.2
"2022-01-07 16:28:13",3181,2972,69498,0,,,,-0.21,85.25,,1.2
"2022-01-07 16:28:14",3182,2973,69489,0,,,,-0.21,85.25,,1.2
"2022-01-07 16:28:15",3183,2974,69480,0,,,,-0.21,85.15,,1.2
"2022-01-07 16:28:16",3184,2975,69472,0,,,,-0.21,85.05,6.5,1.2
"2022-01-07 16:28:17",3185,2976,69462,0,,10.85,125.6,-0.21,84.95,,1.2
"2022-01-07 16:28:18",3186,2977,69452,0,,10.85,125.6,-0.21,84.85,,1.2
"2022-01-07 16:28:19",3187,2978,69442,41.433782,1.97122,9.1,129,-0.2,84.7,,1.2
"2022-01-07 16:28:23",3192,2983,69398,0,,,,-0.24,84.2,,1.2
"2022-01-07 16:28:24",3194,2985,69387,0,,,,-0.24,84.1,,1.2
"2022-01-07 16:28:25",3195,2986,69376,0,,,,-0.23,84,,1.2
"2022-01-07 16:28:26",3197,2988,69362,0,,9.75,122,-0.23,83.9,,1.2
"2022-01-07 16:28:27",3198,2989,69349,0,,10,118.6,-0.23,83.85,,1.3
"2022-01-07 16:28:28",3200,2991,69336,41.433293,1.972272,10.7,119.3,-0.23,83.8,,1.3
"2022-01-07 16:28:29",3201,2992,69322,0,,10.7,119.3,-0.24,83.75,,1.4
"2022-01-07 16:28:30",3203,2994,69308,0,,10.95,112.9,-0.26,83.65,,1.4
"2022-01-07 16:28:31",3205,2996,69294,41.4332,1.97249,10.2,124.8,-0.27,83.6,,1.4
"2022-01-07 16:28:33",3207,2998,69270,0,,10.6,123,-0.26,83.55,,1.4
"2022-01-07 16:28:34",3209,3000,69258,41.433038,1.9728,10.4,123.6,-0.26,83.5,,1.4
"2022-01-07 16:28:35",3210,3001,69243,0,,,,-0.28,83.35,,1.5
"2022-01-07 16:28:36",3212,3003,69228,0,,,,-0.3,83.25,,1.5
"2022-01-07 16:28:37",3214,3005,69214,0,,,,-0.32,83.15,,1.6
"2022-01-07 16:28:38",3216,3007,69199,0,,11.15,122.9,-0.34,83.05,,1.6
"2022-01-07 16:28:39",3217,3008,69184,0,,11.15,122.9,-0.35,83,,1.6
"2022-01-07 16:28:40",3219,3010,69170,41.43274,1.973403,8.35,117.5,-0.35,82.9,,1.6
"2022-01-07 16:28:41",3221,3012,69156,0,,8.2,123.3,-0.36,82.8,,1.6
"2022-01-07 16:28:42",3222,3013,69143,0,,8.95,112.5,-0.38,82.7,,1.6
"2022-01-07 16:28:43",3224,3015,69130,41.432613,1.973693,10.65,122.5,-0.39,82.65,6.5,1.6
"2022-01-07 16:28:44",3225,3016,69117,0,,,,-0.39,82.6,,1.6
"2022-01-07 16:28:45",3227,3018,69104,0,,,,-0.41,82.55,,1.6
"2022-01-07 16:28:46",3228,3019,69092,0,,,,-0.41,82.5,,1.6
"2022-01-07 16:28:47",3230,3021,69076,0,,10.2,114.8,-0.42,82.5,,1.6
"2022-01-07 16:28:48",3232,3023,69061,0,,10.15,130.8,-0.42,82.4,,1.6
"2022-01-07 16:28:49",3234,3025,69046,41.432353,1.974303,9.35,116.9,-0.43,82.35,,1.6
"2022-01-07 16:28:50",3235,3026,69031,0,,11,129.5,-0.44,82.3,,1.6
"2022-01-07 16:28:51",3237,3028,69017,0,,9.65,124.5,-0.44,82.25,,1.6
"2022-01-07 16:28:52",3239,3030,69004,41.432197,1.974608,11,115.5,-0.44,82.2,,1.6
"2022-01-07 16:28:53",3240,3031,68991,0,,9.2,121.6,-0.43,82.15,,1.6
"2022-01-07 16:28:54",3242,3033,68978,0,,10,113.9,-0.46,82.05,,1.6
"2022-01-07 16:28:55",3243,3034,68966,41.432025,1.975035,11,122.1,-0.46,82,,1.6
"2022-01-07 16:28:59",3250,3041,68910,0,,,,-0.54,81.95,,1.6
"2022-01-07 16:29:00",3251,3042,68896,0,,,,-0.56,81.9,,1.6
"2022-01-07 16:29:01",3253,3044,68882,0,,,,-0.58,81.9,,1.6
"2022-01-07 16:29:03",3256,3047,68858,0,,9.3,119.9,-0.58,81.95,,1.6
"2022-01-07 16:29:04",3257,3048,68846,41.431692,1.975872,10.45,111.8,-0.58,82,,1.6
"2022-01-07 16:29:05",3259,3050,68830,0,,10.45,111.8,-0.61,82,,1.6
"2022-01-07 16:29:06",3261,3052,68815,0,,9.65,117.1,-0.63,82.05,,1.6
"2022-01-07 16:29:07",3262,3053,68800,41.431555,1.976173,9.25,122.6,-0.64,82.05,,1.6
"2022-01-07 16:29:11",3273,3064,68714,0,,10.2,110.2,-0.67,82.25,,1.9
"2022-01-07 16:29:12",3275,3066,68693,0,,10.75,117.6,-0.68,82.35,,2
"2022-01-07 16:29:13",3277,3068,68672,41.431265,1.976897,9.2,120.8,-0.69,82.4,,2
"2022-01-07 16:29:17",3290,3081,68567,0,,9.95,118.7,-0.76,82.6,,2.6
"2022-01-07 16:29:18",3293,3084,68541,0,,8.7,128.5,-0.77,82.6,,2.7
"2022-01-07 16:29:19",3296,3087,68516,41.431017,1.977363,10.45,134,-0.79,82.6,,2.8
"2022-01-07 16:29:20",3299,3090,68485,0,,11.55,130.6,-0.82,82.65,,2.8
"2022-01-07 16:29:21",3303,3094,68452,0,,9.2,128.7,-0.83,82.7,,2.9
"2022-01-07 16:29:22",3307,3098,68420,41.43084,1.977655,10.9,123.9,-0.85,82.75,,3
"2022-01-07 16:29:23",3311,3102,68386,0,,10.9,123.9,-0.85,82.8,,3
"2022-01-07 16:29:24",3315,3106,68354,0,,9.35,120.2,-0.87,82.85,,3.3
"2022-01-07 16:29:25",3319,3110,68322,41.430695,1.977945,10.45,125.7,-0.89,82.85,,3.4
"2022-01-07 16:29:26",3322,3113,68293,0,,,,-0.9,82.9,,3.4
"2022-01-07 16:29:27",3325,3116,68265,0,,,,-0.89,82.95,,3.4
"2022-01-07 16:29:28",3329,3120,68238,0,,,,-0.88,83,,3.4
"2022-01-07 16:29:29",3332,3123,68211,0,,8.6,129.1,-0.8,83.05,,3.4
"2022-01-07 16:29:30",3335,3126,68184,0,,11,133.7,-0.82,83.1,,3.5
"2022-01-07 16:29:31",3338,3129,68158,41.430368,1.978537,9.05,125.1,-0.79,83.15,,3.5
"2022-01-07 16:29:34",3347,3138,68078,41.430208,1.978805,10,120.4,-0.68,83.3,,3.4
"2022-01-07 16:29:35",3351,3142,68046,0,,10,120.4,-0.71,83.25,,3.4
"2022-01-07 16:29:36",3355,3146,68016,0,,8.6,121.7,-0.68,83.2,,3.4
"2022-01-07 16:29:37",3358,3149,67986,41.430055,1.979082,9.85,129.7,-0.69,83.2,7.25,3.3
"2022-01-07 16:29:38",3362,3153,67953,0,,9.85,129.7,-0.68,83.15,,3.3
"2022-01-07 16:29:39",3366,3157,67921,0,,10.6,124.5,-0.71,83.05,,3.4
"2022-01-07 16:29:40",3370,3161,67890,41.429897,1.979358,8.4,131.1,-0.72,83,,3.4
"2022-01-07 16:29:41",3374,3165,67854,0,,8.45,131.1,-0.68,82.9,,3.5
"2022-01-07 16:29:42",3378,3169,67820,0,,10.25,134,-0.72,82.85,,3.6
"2022-01-07 16:29:43",3382,3173,67786,41.429737,1.979625,9.35,123.6,-0.73,82.75,,3.6
"2022-01-07 16:29:47",3396,3187,67662,0,,8.8,134.1,-0.82,82.5,,3.8
"2022-01-07 16:29:48",3400,3191,67631,0,,8.8,134.1,-0.82,82.45,,3.8
"2022-01-07 16:29:49",3404,3195,67600,41.429405,1.980172,9.9,134.4,-0.87,82.4,,3.8
"2022-01-07 16:29:50",3408,3199,67566,0,,8.75,123.2,-0.83,82.35,,3.8
"2022-01-07 16:29:51",3412,3203,67535,0,,8.75,123.2,-0.87,82.3,,3.8
"2022-01-07 16:29:52",3415,3206,67504,41.429242,1.980423,8.4,128.8,-0.91,82.3,,3.8
"2022-01-07 16:29:53",3419,3210,67474,0,,8.4,128.8,-0.89,82.3,,3.8
"2022-01-07 16:29:54",3423,3214,67443,0,,8.35,139.7,-0.92,82.3,,3.8
"2022-01-07 16:29:55",3426,3217,67412,41.429078,1.980667,10.3,123.5,-0.92,82.35,,3.7
"2022-01-07 16:29:56",3430,3221,67380,0,,7.85,139.2,-0.94,82.4,,3.7
"2022-01-07 16:29:57",3434,3225,67349,0,,10.5,124.5,-0.97,82.4,,3.7
"2022-01-07 16:29:58",3437,3228,67318,41.428915,1.980923,9.2,135.8,-1.02,82.4,,3.7
"2022-01-07 16:30:00",3444,3235,67266,0,,,,-1.02,82.45,,3.6
"2022-01-07 16:30:01",3447,3238,67240,0,,,,-1.05,82.45,,3.6
"2022-01-07 16:30:04",3457,3248,67154,41.428608,1.981418,7.65,126.1,-1.15,82.5,8.25,3.5
"2022-01-07 16:30:06",3464,3255,67096,0,,8.9,129.3,-1.19,82.5,,3.5
"2022-01-07 16:30:07",3467,3258,67068,41.428458,1.981667,9.05,120.2,-1.18,82.55,,3.4
"2022-01-07 16:30:12",3486,3277,66912,0,,9.45,121.7,-1.33,82.7,,3.5
"2022-01-07 16:30:13",3489,3280,66882,41.428153,1.982168,9.05,138.8,-1.37,82.8,,3.5
"2022-01-07 16:30:14",3493,3284,66851,0,,,,-1.4,82.9,,3.6
"2022-01-07 16:30:15",3497,3288,66818,0,,,,-1.43,82.9,,3.6
"2022-01-07 16:30:16",3501,3292,66786,0,,,,-1.51,82.95,,3.7
"2022-01-07 16:30:18",3509,3300,66718,0,,8,128.2,-1.51,83.05,,3.7
"2022-01-07 16:30:19",3513,3304,66684,41.427858,1.982712,10.35,121.5,-1.52,83.1,,3.8
"2022-01-07 16:30:23",3529,3320,66550,0,,10.75,121.7,-1.69,83.15,,3.9
"2022-01-07 16:30:24",3533,3324,66517,0,,10.35,127,-1.76,83.2,,3.9
"2022-01-07 16:30:25",3537,3328,66484,41.427575,1.983293,9.55,128.6,-1.79,83.25,,4
"2022-01-07 16:30:29",3553,3344,66354,0,,9.65,127.9,-1.84,83.6,,4
"2022-01-07 16:30:30",3557,3348,66322,0,,9.4,128.5,-1.91,83.75,,4
"2022-01-07 16:30:31",3561,3352,66290,41.427252,1.983837,10.8,132.5,-1.96,83.85,9.5,3.9
"2022-01-07 16:30:35",3577,3368,66151,0,,8.55,132.4,-2.05,84.35,,4
"2022-01-07 16:30:36",3582,3373,66116,0,,10.1,130.5,-2.11,84.45,,4
"2022-01-07 16:30:37",3586,3377,66082,41.426922,1.984298,7.3,137.8,-2.13,84.55,,4
"2022-01-07 16:30:44",3620,3411,65795,0,,10.85,130.7,-2.45,85.05,,4.6
"2022-01-07 16:30:45",3625,3416,65754,0,,8.5,132.1,-2.43,85.25,,4.6
"2022-01-07 16:30:46",3630,3421,65714,41.426357,1.985137,11,127,-2.45,85.35,,4.6
"2022-01-07 16:30:47",3635,3426,65677,0,,11,127,-2.45,85.5,,4.8
"2022-01-07 16:30:48",3639,3430,65641,0,,11.1,123.3,-2.46,85.6,,4.8
"2022-01-07 16:30:49",3643,3434,65606,41.42618,1.985405,9.65,135.5,-2.46,85.7,,4.8
"2022-01-07 16:30:50",3647,3438,65576,0,,9.65,135.5,-2.46,85.85,,4.7
"2022-01-07 16:30:51",3651,3442,65546,0,,10.75,120.8,-2.45,85.95,,4.7
"2022-01-07 16:30:52",3654,3445,65516,41.426075,1.9856,9.4,136.2,-2.46,86.05,,4.6
"2022-01-07 16:30:53",3659,3450,65477,0,,10.55,115.2,-2.61,86.1,,4.6
"2022-01-07 16:30:54",3664,3455,65439,0,,11.15,127.9,-2.68,86.2,,4.6
"2022-01-07 16:30:55",3668,3459,65402,41.425905,1.985895,9.5,131.5,-2.58,86.35,,4.6
"2022-01-07 16:30:59",3686,3477,65259,0,,10.25,127.2,-2.66,86.7,,4.3
"2022-01-07 16:31:00",3690,3481,65223,0,,10.25,127.2,-2.7,86.75,,4.3
"2022-01-07 16:31:01",3694,3485,65188,41.42556,1.986442,9.85,125.2,-2.75,86.85,,4.3
"2022-01-07 16:31:04",3704,3495,65110,41.42538,1.986702,9,127.1,-2.73,87.1,,4.1
"2022-01-07 16:31:05",3709,3500,65071,0,,10.4,130.4,-2.81,87.1,,4.1
"2022-01-07 16:31:06",3713,3504,65034,0,,9.45,121.2,-2.86,87.2,,4.1
"2022-01-07 16:31:07",3718,3509,64998,41.425223,1.98698,10.05,131.6,-2.86,87.25,,4.1
"2022-01-07 16:31:08",3721,3512,64968,0,,10.05,131.6,-2.87,87.35,,4
"2022-01-07 16:31:09",3725,3516,64938,0,,9.7,133.3,-2.86,87.4,,4
"2022-01-07 16:31:10",3729,3520,64908,41.425,1.987308,9.15,129.7,-2.92,87.45,,4
"2022-01-07 16:31:14",3740,3531,64811,0,,9.85,140.9,-2.97,87.65,,3.5
"2022-01-07 16:31:15",3744,3535,64786,0,,9.85,140.9,-2.98,87.65,,3.5
"2022-01-07 16:31:16",3747,3538,64762,41.424635,1.987802,9.35,143.9,-3,87.7,,3.5
"2022-01-07 16:31:17",3749,3540,64741,0,,11.05,128.5,-3.05,87.75,,3.5
"2022-01-07 16:31:18",3752,3543,64719,0,,11.05,128.5,-3.08,87.75,,3.4
"2022-01-07 16:31:19",3754,3545,64698,41.42445,1.988052,10.45,141,-3.1,87.75,,3.2
"2022-01-07 16:31:20",3757,3548,64677,0,,10.5,141,-3.15,87.7,,3.1
"2022-01-07 16:31:21",3760,3551,64656,0,,8.95,134.7,-3.14,87.7,,3
"2022-01-07 16:31:22",3762,3553,64636,41.424338,1.98822,9.75,129.8,-3.16,87.65,,2.9
"2022-01-07 16:31:26",3773,3564,64549,0,,,,-3.32,87.6,,2.8
"2022-01-07 16:31:27",3775,3566,64527,0,,,,-3.4,87.6,,2.7
"2022-01-07 16:31:28",3778,3569,64506,0,,,,-3.44,87.55,,2.7
"2022-01-07 16:31:29",3781,3572,64484,0,,11.05,135.4,-3.49,87.55,,2.6
"2022-01-07 16:31:30",3784,3575,64461,0,,10,123.8,-3.53,87.45,,2.7
"2022-01-07 16:31:31",3786,3577,64438,41.423808,1.989012,10.35,133.6,-3.52,87.45,,2.7
"2022-01-07 16:31:32",3789,3580,64413,0,,10.3,133.6,-3.54,87.35,,2.7
"2022-01-07 16:31:33",3792,3583,64392,0,,9.45,128.5,-3.57,87.35,,2.7
"2022-01-07 16:31:34",3795,3586,64372,41.423628,1.98928,10,137.6,-3.4,87.35,,2.7
"2022-01-07 16:31:35",3797,3588,64349,0,,,,-3.4,87.3,,2.7
"2022-01-07 16:31:36",3801,3592,64323,0,,,,-3.48,87.25,,2.7
"2022-01-07 16:31:37",3804,3595,64298,0,,,,-3.53,87.05,,2.8
"2022-01-07 16:31:38",3806,3597,64277,0,,10.25,134.3,-3.55,86.85,,2.8
"2022-01-07 16:31:39",3809,3600,64253,0,,11.35,127.6,-3.53,86.6,,2.8
"2022-01-07 16:31:40",3812,3603,64230,41.42328,1.98984,9.85,119,-3.5,86.35,,2.8
"2022-01-07 16:31:41",3815,3606,64208,0,,11.6,121.6,-3.42,85.85,,2.8
"2022-01-07 16:31:42",3817,3608,64188,0,,10.3,120.6,-3.35,85.1,,2.8
"2022-01-07 16:31:43",3820,3611,64168,41.423125,1.990168,10.75,130.1,-3.27,84.25,,2.8
"2022-01-07 16:31:53",3856,3647,63881,0,,12.95,123.5,-2.64,73.15,,3.3
"2022-01-07 16:31:54",3859,3650,63852,0,,12.45,113.8,-2.66,72.3,,3.4
"2022-01-07 16:31:55",3863,3654,63824,41.422488,1.991625,12.25,118.3,-2.59,71.55,,3.5
"2022-01-07 16:31:56",3866,3657,63799,0,,14.3,121.4,-2.59,70.8,,3.5
"2022-01-07 16:31:57",3868,3659,63777,0,,13.4,113.6,-2.58,70.1,,3.4
"2022-01-07 16:31:58",3871,3662,63756,41.42226,1.992195,14.25,122.1,-2.45,69.5,,3.4
"2022-01-07 16:31:59",3873,3664,63738,0,,14.25,122.1,-2.52,69.1,,3.4
"2022-01-07 16:32:00",3876,3667,63717,0,,13.6,113.5,-2.64,68.85,,3.3
"2022-01-07 16:32:01",3879,3670,63696,41.422108,1.992635,13.2,117.6,-2.61,68.8,,3.3
"2022-01-07 16:32:04",3886,3677,63638,41.422007,1.992945,12.85,117.7,-2.78,68.7,,3.2
"2022-01-07 16:32:05",3888,3679,63622,0,,15.3,114.4,-2.84,68.55,,3.1
"2022-01-07 16:32:06",3890,3681,63606,0,,13.1,116,-2.79,68.4,,2.7
"2022-01-07 16:32:07",3892,3683,63590,41.421838,1.993403,15.3,118.5,-2.85,68.15,,2.5
"2022-01-07 16:32:08",3895,3686,63569,0,,,,-2.92,67.9,,2.5
"2022-01-07 16:32:09",3897,3688,63547,0,,,,-2.87,67.65,,2.5
"2022-01-07 16:32:10",3900,3691,63526,0,,,,-2.92,67.45,,2.5
"2022-01-07 16:32:11",3902,3693,63506,0,,15.9,114.8,-2.88,67.25,,2.4
"2022-01-07 16:32:12",3905,3696,63488,0,,15.55,115,-2.92,67,,2.4
"2022-01-07 16:32:13",3907,3698,63470,41.421492,1.994337,14.2,110.6,-2.95,66.8,,2.4
"2022-01-07 16:32:14",3910,3701,63449,0,,14.95,117.4,-2.85,66.5,,2.3
"2022-01-07 16:32:15",3912,3703,63431,0,,15.2,108.9,-2.88,66.1,,2.3
"2022-01-07 16:32:16",3914,3705,63414,41.421333,1.994823,13.95,114.4,-2.84,65.8,,2.3
"2022-01-07 16:32:17",3916,3707,63400,0,,,,-2.84,65.4,,2.3
"2022-01-07 16:32:18",3918,3709,63386,0,,,,-2.83,65.05,,2.3
"2022-01-07 16:32:19",3919,3710,63372,0,,,,-2.78,64.7,14,2.3
"2022-01-07 16:32:20",3923,3714,63346,0,,14.55,111.8,-2.8,64.3,,2.3
"2022-01-07 16:32:21",3926,3717,63320,0,,14.3,121.1,-2.75,63.9,,2.4
"2022-01-07 16:32:22",3929,3720,63294,41.42094,1.99594,14.8,111.3,-2.75,63.5,,2.4
"2022-01-07 16:32:23",3932,3723,63274,0,,14.8,111.3,-2.67,62.95,,2.4
"2022-01-07 16:32:24",3934,3725,63254,0,,14.5,119.4,-2.69,62.45,,2.4
"2022-01-07 16:32:25",3937,3728,63234,41.420825,1.99624,14.25,110.9,-2.71,61.85,,2.5
"2022-01-07 16:32:33",3953,3744,63104,0,,,,-2.46,56.05,,2.4
"2022-01-07 16:32:34",3955,3746,63088,0,,,,-2.45,54.95,,2.3
"2022-01-07 16:32:41",3910,3701,63443,0,,,,-3.34,51.3,,-1.6
"2022-01-07 16:32:42",3904,3695,63493,0,,,,-3.48,51.65,,-1.9
"2022-01-07 16:32:43",3898,3689,63544,0,,,,-3.61,52.15,,-2.2
"2022-01-07 16:32:53",3828,3619,64102,0,,10.05,131.3,-4.87,62.75,,-6.7
"2022-01-07 16:32:54",3821,3612,64159,0,,10.65,130.7,-4.9,64,,-6.9
"2022-01-07 16:32:55",3814,3605,64216,41.419003,2.00044,10.25,130.6,-4.93,65.25,,-7
"2022-01-07 16:33:34",3535,3326,66502,41.416343,2.003932,9.45,138.8,-3.46,84.15,,-7.1
