timestamp,msl,agl,pressure,latitude,longitude,speed,heading,temperature,relative_humidity,internal_temperature,rise_speed
"2025-09-02 21:26:53",271,-3,97098,-36.745182,-71.946565,5.5,2.5,36.23,22.65,,-0.1
"2025-09-02 21:26:55",273,-1,97083,0,,4.55,2.7,36.2,21.95,,0
"2025-09-02 21:26:56",274,0,97076,-36.745058,-71.946548,5.95,3.9,36.17,21.5,,0.1
"2025-09-02 21:26:57",274,0,97066,0,,,,36.15,21.2,,0.2
"2025-09-02 21:26:58",275,0,97056,0,,,,36.1,20.95,,0.2
"2025-09-02 21:26:59",276,1,97046,0,,,,36.08,20.8,,0.3
"2025-09-02 21:27:00",278,3,97031,0,,3.15,13.6,36.01,20.75,,0.5
"2025-09-02 21:27:01",279,4,97016,0,,5,3.1,35.97,20.65,,0.5
"2025-09-02 21:27:02",281,6,97002,-36.744807,-71.946517,5.6,359.9,36,20.65,,0.7
"2025-09-02 21:27:03",282,7,96989,0,,4.15,22.1,36.06,20.65,,0.8
"2025-09-02 21:27:04",283,8,96976,0,,5.1,3.1,36.11,20.65,,0.9
"2025-09-02 21:27:05",284,9,96964,-36.744673,-71.9465,5.65,357.8,36.06,20.6,46.25,1.1
"2025-09-02 21:27:06",285,10,96956,0,,4.85,24.5,36,20.6,,1
"2025-09-02 21:27:07",285,10,96949,0,,4.3,349.8,36.01,20.6,,1.1
"2025-09-02 21:27:08",286,11,96942,-36.744543,-71.946493,5.45,353.8,35.96,20.6,,1
"2025-09-02 21:27:09",287,12,96928,0,,5.1,13.3,36.06,20.6,,1.1
"2025-09-02 21:27:10",289,14,96914,0,,4.35,344.3,36.06,20.6,,1.1
"2025-09-02 21:27:11",290,15,96900,-36.74441,-71.9465,5.4,353.1,36.04,20.6,,1.1
"2025-09-02 21:27:12",291,16,96894,0,,5.95,10.7,36.04,20.6,,1.1
"2025-09-02 21:27:13",291,16,96889,0,,4.1,350.9,36.08,20.6,,1
"2025-09-02 21:27:14",292,17,96884,-36.744272,-71.946507,5.45,348.6,36.04,20.55,,0.9
"2025-09-02 21:27:15",293,18,96873,0,,6.45,3.7,36.01,20.55,,0.9
"2025-09-02 21:27:16",294,19,96863,0,,3.95,0.2,36.03,20.55,,0.9
"2025-09-02 21:27:17",294,19,96854,-36.744127,-71.946513,5.8,348.2,36.01,20.55,,0.9
"2025-09-02 21:27:18",296,21,96841,0,,5.8,348.3,35.96,20.55,,0.9
"2025-09-02 21:27:19",297,22,96828,0,,4.45,353,35.96,20.55,,0.9
"2025-09-02 21:27:20",298,23,96816,-36.743983,-71.946538,5.85,4.3,35.91,20.6,,1
"2025-09-02 21:27:21",300,25,96796,0,,4.9,350.5,35.89,20.6,,1.1
"2025-09-02 21:27:22",302,27,96776,0,,4.6,347.1,35.86,20.65,,1.1
"2025-09-02 21:27:23",304,29,96756,-36.743842,-71.946553,6.7,6.9,35.87,20.65,,1.1
"2025-09-02 21:27:24",305,30,96739,0,,,,35.99,20.65,,1.2
"2025-09-02 21:27:25",307,32,96723,0,,,,35.94,20.65,,1.3
"2025-09-02 21:27:26",308,33,96708,0,,,,35.89,20.6,,1.4
"2025-09-02 21:27:27",310,35,96689,0,,4.75,353.8,35.92,20.65,,1.4
"2025-09-02 21:27:28",312,37,96670,0,,5.7,355,35.89,20.65,,1.5
"2025-09-02 21:27:29",314,39,96652,-36.74353,-71.946552,6.65,15.6,35.91,20.65,,1.5
"2025-09-02 21:27:30",316,41,96631,0,,5,358.7,35.95,20.65,,1.6
"2025-09-02 21:27:31",318,43,96609,0,,5.35,1.4,35.89,20.65,,1.7
"2025-09-02 21:27:32",320,45,96588,-36.743385,-71.946532,5.6,24.2,35.89,20.65,46.75,1.8
"2025-09-02 21:27:33",322,47,96561,0,,5.6,0.5,35.86,20.65,,1.8
"2025-09-02 21:27:34",325,50,96534,0,,5.15,8.8,35.8,20.65,,1.9
"2025-09-02 21:27:35",327,52,96508,-36.743245,-71.946507,4.55,15,35.82,20.65,,2
"2025-09-02 21:27:36",330,55,96479,0,,6.25,3.4,35.78,20.65,,2
"2025-09-02 21:27:37",332,57,96451,0,,4.4,10.3,35.73,20.65,,2.1
"2025-09-02 21:27:38",335,60,96424,-36.743112,-71.946487,4.4,12.8,35.7,20.65,,2.2
"2025-09-02 21:27:41",343,68,96344,-36.742965,-71.946468,5.75,4.6,35.59,20.75,,2.4
"2025-09-02 21:27:42",346,71,96307,0,,7.45,3.3,35.55,20.8,,2.5
"2025-09-02 21:27:43",349,74,96273,0,,4.4,13.1,35.54,20.8,,2.6
"2025-09-02 21:27:44",352,77,96240,-36.742807,-71.946447,5.75,6.7,35.5,20.8,,2.7
"2025-09-02 21:27:45",356,81,96203,0,,6.9,3.4,35.45,20.8,,2.8
"2025-09-02 21:27:46",360,85,96163,0,,4.25,6.7,35.45,20.85,,2.9
"2025-09-02 21:27:47",363,88,96124,-36.742655,-71.946438,5.65,359,35.41,20.85,,3
"2025-09-02 21:27:48",368,93,96077,0,,6.35,358.9,35.37,20.85,,3.2
"2025-09-02 21:27:49",372,97,96034,0,,3.6,2,35.37,20.85,,3.3
"2025-09-02 21:27:50",376,101,95992,-36.742515,-71.946433,5,19.1,35.31,20.85,,3.4
"2025-09-02 21:27:51",381,106,95934,0,,6.1,10.7,35.28,20.85,,3.6
"2025-09-02 21:27:52",387,112,95876,0,,3.55,19.8,35.25,20.9,,3.7
"2025-09-02 21:27:53",393,118,95818,-36.742388,-71.946397,4.5,16.3,35.25,20.95,,4.1
"2025-09-02 21:27:54",401,126,95728,0,,5.75,8.4,35.22,20.95,,4.5
"2025-09-02 21:27:55",410,135,95637,0,,3.35,18.6,35.21,20.95,,4.9
"2025-09-02 21:27:56",418,143,95546,-36.742268,-71.946373,4.1,3.8,35.19,20.95,,5.3
"2025-09-02 21:27:57",425,150,95475,0,,4.35,6.3,35.16,20.95,,5.7
"2025-09-02 21:27:58",432,157,95406,0,,4.3,37.3,35.2,21,,6
"2025-09-02 21:27:59",438,163,95338,-36.742162,-71.946342,3.9,4.6,35.23,21,47.25,6.2
"2025-09-02 21:28:00",445,170,95265,0,,3.75,17.7,35.16,21,,6.3
"2025-09-02 21:28:01",453,178,95186,0,,4.15,18.2,35.13,21.05,,6.6
"2025-09-02 21:28:02",460,185,95108,-36.74205,-71.946318,5.3,358.7,35.05,21.1,,6.8
"2025-09-02 21:28:03",467,192,95040,0,,3.85,11.1,35.02,21.15,,7
"2025-09-02 21:28:04",473,198,94974,0,,3.75,27.4,34.99,21.2,,7.1
"2025-09-02 21:28:05",479,204,94908,-36.74194,-71.946288,5.15,1.7,34.89,21.25,,7.1
"2025-09-02 21:28:06",485,210,94848,0,,3.7,24.6,34.89,21.25,,7
"2025-09-02 21:28:07",491,216,94791,0,,2.85,64.8,34.86,21.25,,6.7
"2025-09-02 21:28:08",496,221,94734,-36.741873,-71.94623,2,60.1,34.78,21.25,,6.5
"2025-09-02 21:28:09",502,227,94673,0,,3.05,45.4,34.73,21.25,,6.4
"2025-09-02 21:28:10",508,233,94611,0,,3.3,54.8,34.67,21.25,,6.4
"2025-09-02 21:28:11",514,239,94550,-36.74182,-71.946147,4.35,47.1,34.56,21.3,,6.3
"2025-09-02 21:28:12",519,244,94493,0,,2.2,40,34.45,21.4,,6.1
"2025-09-02 21:28:13",525,250,94438,0,,4,49.4,34.4,21.4,,5.9
"2025-09-02 21:28:14",530,255,94384,-36.741752,-71.946045,6.2,57.7,34.41,21.5,,5.8
"2025-09-02 21:28:15",536,261,94323,0,,4,43.5,34.33,21.6,,5.8
"2025-09-02 21:28:16",542,267,94259,0,,4.15,55.6,34.25,21.55,,5.8
"2025-09-02 21:28:17",548,273,94196,-36.74167,-71.945932,5.15,35.6,34.18,21.6,,5.8
"2025-09-02 21:28:18",554,279,94137,0,,3.35,49.8,34.11,21.65,,5.7
"2025-09-02 21:28:19",559,284,94080,0,,2.35,65.4,34.06,21.75,,5.7
"2025-09-02 21:28:20",564,289,94024,-36.741608,-71.945855,3.55,28.9,34.06,21.8,,5.7
"2025-09-02 21:28:21",569,294,93977,0,,3.75,17.8,34.04,21.85,,5.6
"2025-09-02 21:28:22",573,298,93932,0,,4.65,12.7,34.01,21.9,,5.4
"2025-09-02 21:28:23",578,303,93888,-36.741507,-71.945798,4.05,26.1,33.97,21.85,,5.3
"2025-09-02 21:28:24",582,307,93846,0,,4.5,43.5,33.94,21.85,,5.2
"2025-09-02 21:28:25",585,310,93806,0,,4.5,34,33.84,21.85,,5.1
"2025-09-02 21:28:26",589,314,93766,-36.741415,-71.945715,2.95,17.6,33.78,21.9,47.5,5
"2025-09-02 21:28:27",593,318,93727,0,,5.9,36.3,33.74,21.95,,4.8
"2025-09-02 21:28:28",597,322,93687,0,,6.45,38,33.68,21.95,,4.6
"2025-09-02 21:28:29",601,326,93648,-36.741297,-71.9456,5.3,47.2,33.63,22,,4.4
"2025-09-02 21:28:30",605,330,93608,0,,6.85,44.1,33.53,22.05,,4.3
"2025-09-02 21:28:31",609,334,93568,0,,5.55,44.9,33.51,22.1,,4.1
"2025-09-02 21:28:32",612,337,93528,-36.741177,-71.945457,6.4,40.7,33.49,22.15,,4
"2025-09-02 21:28:33",617,342,93481,0,,6.85,22.4,33.43,22.2,,4
"2025-09-02 21:28:34",622,347,93433,0,,5.4,37.4,33.34,22.25,,4.1
"2025-09-02 21:28:35",626,351,93386,-36.741038,-71.945343,6.1,45.8,33.32,22.3,,4.1
"2025-09-02 21:28:36",631,356,93335,0,,4.6,28.4,33.28,22.3,,4.1
"2025-09-02 21:28:37",636,361,93286,0,,3.55,32.9,33.2,22.35,,4.2
"2025-09-02 21:28:38",641,366,93238,-36.740935,-71.945252,6,43.7,33.15,22.4,,4.2
"2025-09-02 21:28:41",656,381,93082,-36.740847,-71.94515,4.85,57.5,32.98,22.45,,4.5
"2025-09-02 21:28:42",662,387,93016,0,,3.6,58.1,32.92,22.45,,4.7
"2025-09-02 21:28:43",668,393,92951,0,,4.35,55.1,32.83,22.5,,4.9
"2025-09-02 21:28:44",675,400,92886,-36.740773,-71.94502,7.25,57.3,32.77,22.55,,5.1
"2025-09-02 21:28:45",681,406,92819,0,,3.25,61.2,32.69,22.65,,5.3
"2025-09-02 21:28:46",688,413,92753,0,,2.75,59.6,32.61,22.65,,5.5
"2025-09-02 21:28:47",694,419,92688,-36.740715,-71.944917,4.1,53.3,32.54,22.7,,5.6
"2025-09-02 21:28:48",699,424,92633,0,,3.9,38.6,32.48,22.8,,5.6
"2025-09-02 21:28:49",705,430,92577,0,,3.15,40.8,32.42,22.8,,5.7
"2025-09-02 21:28:50",710,435,92522,-36.740653,-71.944828,2.5,74.7,32.34,22.85,,5.7
"2025-09-02 21:28:51",715,440,92467,0,,4.25,47.4,32.25,22.85,,5.8
"2025-09-02 21:28:52",721,446,92414,0,,4.7,39.5,32.18,22.95,,5.7
"2025-09-02 21:28:53",726,451,92362,-36.74058,-71.94473,3.85,51.6,32.09,23,46.5,5.8
"2025-09-02 21:28:54",730,455,92316,0,,3.85,44,32.09,23.05,,5.7
"2025-09-02 21:28:55",735,460,92268,0,,3.85,37.9,32.07,23.05,,5.6
"2025-09-02 21:28:56",740,465,92220,-36.740518,-71.944642,2.15,73.6,32.02,23.15,,5.5
"2025-09-02 21:28:57",744,469,92170,0,,4.85,63.7,31.92,23.2,,5.4
"2025-09-02 21:28:58",749,474,92122,0,,3.5,50.8,31.86,23.2,,5.2
"2025-09-02 21:28:59",754,479,92074,-36.74047,-71.944538,2.8,61.2,31.78,23.3,,5.1
"2025-09-02 21:29:00",759,484,92020,0,,5.35,79.2,31.73,23.35,,5
"2025-09-02 21:29:01",764,489,91967,0,,4.9,50.5,31.64,23.45,,5
"2025-09-02 21:29:02",770,495,91914,-36.740407,-71.94441,5.3,37.5,31.57,23.45,,4.9
"2025-09-02 21:29:03",775,500,91856,0,,4.7,61.8,31.51,23.5,,5
"2025-09-02 21:29:04",781,506,91800,0,,4.55,39.5,31.46,23.55,,5
"2025-09-02 21:29:05",786,511,91744,-36.740328,-71.944305,3.1,57.3,31.36,23.6,,5
"2025-09-02 21:29:07",797,522,91631,0,,5.1,44.2,31.26,23.7,,5.2
"2025-09-02 21:29:08",803,528,91572,-36.740255,-71.94419,3.85,61.2,31.22,23.75,,5.2
"2025-09-02 21:29:11",820,545,91402,-36.740173,-71.944068,6.3,56.4,31.1,23.9,,5.4
"2025-09-02 21:29:13",831,556,91285,0,,4.45,32.9,30.98,23.9,,5.6
"2025-09-02 21:29:14",837,562,91228,-36.740078,-71.943942,4.6,62.6,30.94,23.9,,5.6
"2025-09-02 21:29:16",848,573,91114,0,,4.05,33,30.81,23.9,,5.6
"2025-09-02 21:29:17",854,579,91058,-36.740005,-71.943827,4.25,72.5,30.72,23.95,,5.6
"2025-09-02 21:29:19",865,590,90945,0,,3.6,50.9,30.67,24.1,,5.6
"2025-09-02 21:29:20",870,595,90888,-36.739953,-71.943705,3.35,84.1,30.6,24.2,44.75,5.6
"2025-09-02 21:29:22",881,606,90778,0,,3.8,57.7,30.53,24.25,,5.6
"2025-09-02 21:29:23",887,612,90724,-36.739905,-71.94359,4.35,79.4,30.48,24.3,,5.6
"2025-09-02 21:29:24",893,618,90663,0,,3.7,62.9,30.46,24.3,,5.6
"2025-09-02 21:29:25",898,623,90607,0,,4.05,66.5,30.4,24.35,,5.5
"2025-09-02 21:29:26",904,629,90552,-36.73986,-71.943457,6.1,65.7,30.35,24.35,,5.5
"2025-09-02 21:29:27",910,635,90487,0,,4.5,48.2,30.29,24.4,,5.6
"2025-09-02 21:29:28",916,641,90421,0,,5.8,56.3,30.2,24.45,,5.7
"2025-09-02 21:29:29",923,648,90356,-36.73978,-71.943307,6.15,66.3,30.2,24.45,,5.8
"2025-09-02 21:29:30",929,654,90292,0,,3.6,47.6,30.12,24.45,,5.8
"2025-09-02 21:29:31",936,661,90229,0,,4.35,83.7,30.03,24.5,,5.9
"2025-09-02 21:29:32",942,667,90166,-36.739738,-71.943168,5.25,78,29.97,24.5,,5.9
"2025-09-02 21:29:33",948,673,90101,0,,5.15,57.7,29.87,24.55,,6
"2025-09-02 21:29:34",955,680,90037,0,,5.95,70.2,29.82,24.6,,6.1
"2025-09-02 21:29:35",961,686,89974,-36.739687,-71.942992,6.9,80.5,29.78,24.65,,6.2
"2025-09-02 21:29:36",967,692,89908,0,,,,29.71,24.7,,6.2
"2025-09-02 21:29:37",974,699,89841,0,,,,29.64,24.8,,6.3
"2025-09-02 21:29:38",981,706,89774,0,,,,29.58,24.8,,6.4
"2025-09-02 21:29:40",995,720,89633,0,,4.9,66.5,29.49,24.9,,6.5
"2025-09-02 21:29:41",1002,727,89564,-36.739608,-71.942658,5.55,80.3,29.45,24.95,,6.6
"2025-09-02 21:29:42",1009,734,89495,0,,3.85,63.5,29.41,24.95,,6.6
"2025-09-02 21:29:43",1015,740,89429,0,,5.1,61.5,29.35,25,,6.6
"2025-09-02 21:29:44",1022,747,89364,-36.739562,-71.94252,3.75,71.4,29.28,25.05,,6.6
"2025-09-02 21:29:45",1028,753,89297,0,,3.7,41.5,29.27,25.05,,6.7
"2025-09-02 21:29:46",1035,760,89226,0,,5.4,55.6,29.25,25.15,,6.7
"2025-09-02 21:29:47",1043,768,89156,-36.73949,-71.942408,4.05,44.1,29.22,25.15,43.25,6.8
"2025-09-02 21:29:48",1049,774,89089,0,,4.05,44.1,29.16,25.15,,6.8
"2025-09-02 21:29:49",1056,781,89024,0,,3.4,115.3,29.13,25.15,,6.8
"2025-09-02 21:29:50",1062,787,88960,-36.739452,-71.942305,5.45,68.8,29.11,25.15,,6.8
"2025-09-02 21:29:52",1078,803,88802,0,,3.15,39.6,29.06,25.15,,6.9
"2025-09-02 21:29:53",1086,811,88724,-36.73937,-71.942217,4,29.5,29.03,25.15,,7
"2025-09-02 21:29:54",1093,818,88653,0,,3.25,44.7,28.98,25.2,,7
"2025-09-02 21:29:55",1101,826,88578,0,,3.95,32.2,28.94,25.2,,7.1
"2025-09-02 21:29:56",1108,833,88504,-36.73928,-71.942147,5.2,18.9,28.89,25.25,,7.2
"2025-09-02 21:29:57",1116,841,88427,0,,5.35,16.9,28.81,25.3,,7.2
"2025-09-02 21:29:58",1123,848,88358,0,,5.45,38.1,28.75,25.3,,7.2
"2025-09-02 21:29:59",1130,855,88290,-36.739153,-71.94207,5.05,19.3,28.71,25.35,,7.2
"2025-09-02 21:30:00",1136,861,88225,0,,6.15,10.8,28.61,25.35,,7.2
"2025-09-02 21:30:01",1143,868,88157,0,,6.9,40.5,28.53,25.4,,7.3
"2025-09-02 21:30:02",1150,875,88090,-36.739012,-71.941973,5.6,41.1,28.49,25.4,,7.3
"2025-09-02 21:30:03",1155,880,88035,0,,5.35,22.7,28.42,25.5,,7.2
"2025-09-02 21:30:04",1161,886,87980,0,,7.1,38.6,28.39,25.5,,6.9
"2025-09-02 21:30:05",1166,891,87926,-36.738887,-71.941867,3.5,28.6,28.37,25.55,,6.7
"2025-09-02 21:30:06",1171,896,87884,0,,4.55,3.5,28.35,25.55,,6.4
"2025-09-02 21:30:07",1175,900,87842,0,,7,29,28.33,25.6,,6.2
"2025-09-02 21:30:08",1179,904,87800,-36.738763,-71.941805,3.95,19.7,28.27,25.6,,5.9
"2025-09-02 21:30:11",1193,918,87666,-36.73863,-71.94176,5.35,9.5,28.12,25.5,,5.4
"2025-09-02 21:30:12",1197,922,87623,0,,5.45,23.8,28.05,25.55,,5.2
"2025-09-02 21:30:13",1201,926,87581,0,,5.85,0.8,28.01,25.6,,5
"2025-09-02 21:30:14",1206,931,87540,-36.738482,-71.941725,6.4,6.4,27.96,25.6,42.25,4.8
"2025-09-02 21:30:15",1209,934,87505,0,,7.4,13.2,27.89,25.65,,4.6
"2025-09-02 21:30:16",1213,938,87469,0,,6.55,2.8,27.82,25.6,,4.4
"2025-09-02 21:30:17",1216,941,87434,-36.738297,-71.94169,7.25,10.7,27.77,25.65,,4.3
"2025-09-02 21:30:18",1221,946,87385,0,,5.55,2,27.72,25.65,,4.2
"2025-09-02 21:30:19",1226,951,87339,0,,5,355,27.66,25.7,,4.2
"2025-09-02 21:30:20",1231,956,87294,-36.738138,-71.941682,6.5,4.1,27.61,25.7,,4.3
"2025-09-02 21:30:21",1235,960,87251,0,,4.05,353,27.56,25.75,,4.3
"2025-09-02 21:30:22",1240,965,87205,0,,6.3,2.6,27.5,25.75,,4.3
"2025-09-02 21:30:23",1244,969,87160,-36.73799,-71.941675,6.05,13.1,27.46,25.8,,4.3
"2025-09-02 21:30:24",1249,974,87112,0,,5.55,339.9,27.45,25.8,,4.3
"2025-09-02 21:30:25",1254,979,87065,0,,5.85,3.9,27.42,25.85,,4.4
"2025-09-02 21:30:26",1259,984,87018,-36.737838,-71.94167,6.1,21,27.36,25.9,,4.4
"2025-09-02 21:30:27",1264,989,86962,0,,7.2,9.3,27.33,25.9,,4.6
"2025-09-02 21:30:28",1270,995,86906,0,,7.45,19.4,27.3,26,,4.8
"2025-09-02 21:30:29",1276,1001,86850,-36.737645,-71.941598,9.15,25.7,27.24,26.1,,5
"2025-09-02 21:30:30",1281,1006,86803,0,,6.65,7.2,27.2,26.2,,4.9
"2025-09-02 21:30:31",1285,1010,86759,0,,5.3,358.6,27.15,26.25,,4.9
"2025-09-02 21:30:32",1289,1014,86716,-36.737477,-71.94155,6.3,21.8,27.09,26.3,,4.9
"2025-09-02 21:30:33",1294,1019,86667,0,,7.95,16,27.02,26.4,,5
"2025-09-02 21:30:34",1300,1025,86616,0,,7.65,15.6,27,26.45,,5
"2025-09-02 21:30:35",1305,1030,86566,-36.737282,-71.941487,6.9,5.8,26.94,26.45,,5.1
"2025-09-02 21:30:36",1309,1034,86520,0,,5.5,344.5,26.89,26.55,,5
"2025-09-02 21:30:37",1314,1039,86475,0,,6.95,1.3,26.87,26.55,,5
"2025-09-02 21:30:38",1319,1044,86430,-36.737107,-71.941498,7.8,356,26.84,26.55,,5
"2025-09-02 21:30:40",1329,1054,86328,0,,5.25,16.1,26.79,26.5,,5
"2025-09-02 21:30:41",1334,1059,86278,-36.736947,-71.941482,6,13.2,26.79,26.45,41.25,4.9
"2025-09-02 21:30:42",1339,1064,86235,0,,5.7,353.2,26.77,26.45,,4.8
"2025-09-02 21:30:43",1343,1068,86192,0,,7.3,13.4,26.74,26.45,,4.8
"2025-09-02 21:30:44",1347,1072,86150,-36.736775,-71.941445,6.95,23.9,26.79,26.45,,4.8
"2025-09-02 21:30:45",1353,1078,86098,0,,6.65,0.4,26.76,26.45,,4.9
"2025-09-02 21:30:46",1358,1083,86047,0,,6.8,5.7,26.71,26.45,,4.9
"2025-09-02 21:30:47",1363,1088,85996,-36.736607,-71.941413,4.05,18.6,26.69,26.45,,4.9
"2025-09-02 21:30:48",1368,1093,85949,0,,5.15,5.7,26.65,26.4,,4.9
"2025-09-02 21:30:49",1373,1098,85903,0,,6,8,26.62,26.35,,4.9
"2025-09-02 21:30:50",1378,1103,85858,-36.73647,-71.941397,4.05,348.9,26.6,26.35,,4.9
"2025-09-02 21:30:51",1382,1107,85813,0,,4.05,3.6,26.55,26.3,,4.9
"2025-09-02 21:30:52",1387,1112,85766,0,,3.55,9.5,26.55,26.3,,4.9
"2025-09-02 21:30:53",1392,1117,85720,-36.736363,-71.941385,4.75,12.5,26.52,26.25,,4.8
"2025-09-02 21:30:54",1396,1121,85674,0,,4.85,19.6,26.47,26.2,,4.8
"2025-09-02 21:30:55",1401,1126,85631,0,,4.7,22.8,26.46,26.2,,4.8
"2025-09-02 21:30:56",1405,1130,85588,-36.736237,-71.941342,5.95,352.4,26.46,26.15,,4.8
"2025-09-02 21:30:57",1411,1136,85537,0,,4.15,10.1,26.46,26.15,,4.8
"2025-09-02 21:30:58",1416,1141,85486,0,,3.95,36.2,26.46,26.2,,4.8
"2025-09-02 21:30:59",1421,1146,85436,-36.736122,-71.941302,5.05,24.1,26.33,26.15,,4.8
"2025-09-02 21:31:00",1426,1151,85388,0,,4.55,25.4,26.23,26.2,,4.8
"2025-09-02 21:31:01",1431,1156,85341,0,,3.35,4.4,26.18,26.25,,4.8
"2025-09-02 21:31:02",1436,1161,85294,-36.736013,-71.941265,4.35,1.8,26.11,26.3,,4.8
"2025-09-02 21:31:03",1441,1166,85241,0,,4.15,23.1,26.04,26.3,,4.9
"2025-09-02 21:31:04",1447,1172,85185,0,,4.45,9,26,26.35,,5
"2025-09-02 21:31:05",1453,1178,85130,-36.735893,-71.94124,5.9,355.2,25.95,26.35,,5.1
"2025-09-02 21:31:06",1459,1184,85070,0,,3.35,9,25.89,26.45,,5.2
"2025-09-02 21:31:07",1465,1190,85012,0,,5.85,10.2,25.82,26.55,,5.3
"2025-09-02 21:31:08",1471,1196,84954,-36.735762,-71.941227,4.85,5.9,25.79,26.65,40.25,5.4
"2025-09-02 21:31:10",1482,1207,84847,0,,5.15,29.4,25.65,26.85,,5.5
"2025-09-02 21:31:11",1488,1213,84794,-36.735647,-71.941163,6.35,25.5,25.6,26.9,,5.5
"2025-09-02 21:31:12",1493,1218,84741,0,,4.55,26.4,25.57,26.9,,5.5
"2025-09-02 21:31:13",1498,1223,84690,0,,6.55,30.5,25.44,26.85,,5.6
"2025-09-02 21:31:14",1504,1229,84640,-36.735508,-71.941065,6.55,35.9,25.4,26.85,,5.6
"2025-09-02 21:31:15",1507,1232,84609,0,,4.2,11.3,25.34,26.8,,5.5
"2025-09-02 21:31:16",1510,1235,84576,0,,6.15,12,25.28,26.8,,5.3
"2025-09-02 21:31:17",1514,1239,84544,-36.73537,-71.940997,6.8,23.3,25.3,26.75,,5.1
"2025-09-02 21:31:18",1517,1242,84508,0,,6.65,6.5,25.24,26.6,,4.9
"2025-09-02 21:31:19",1521,1246,84475,0,,6.5,24.7,25.19,26.25,,4.6
"2025-09-02 21:31:20",1524,1249,84442,-36.735212,-71.94091,6.5,39.4,25.17,25.6,,4.4
"2025-09-02 21:31:21",1526,1251,84421,0,,6.5,10.8,25.14,25.35,,4.3
"2025-09-02 21:31:22",1529,1254,84400,0,,6.65,21,25.12,25.25,,3.9
"2025-09-02 21:31:23",1531,1256,84380,-36.735047,-71.940827,7.05,23.3,25.17,25.15,,3.6
"2025-09-02 21:31:24",1534,1259,84350,0,,7.55,8.7,25.16,24.8,,3.6
"2025-09-02 21:31:25",1537,1262,84319,0,,6.2,21.5,25.13,24.4,,3.4
"2025-09-02 21:31:26",1540,1265,84288,-36.734875,-71.940757,5.9,23.6,25.07,24.4,,3.2
"2025-09-02 21:31:27",1543,1268,84259,0,,5.15,7.3,25.05,24.65,,3
"2025-09-02 21:31:28",1546,1271,84231,0,,6.25,26.7,25.01,25.05,,3
"2025-09-02 21:31:29",1549,1274,84204,-36.73472,-71.94069,7.45,23.4,25.05,25.25,,2.9
"2025-09-02 21:31:30",1552,1277,84175,0,,4.5,9.9,25.05,25.1,,3
"2025-09-02 21:31:31",1555,1280,84146,0,,5.7,22.7,25,25,,2.9
"2025-09-02 21:31:32",1558,1283,84118,-36.73457,-71.940628,6.9,17.3,24.97,25.3,,2.9
"2025-09-02 21:31:33",1562,1287,84084,0,,5.5,10.8,24.94,25.55,,2.9
"2025-09-02 21:31:34",1565,1290,84052,0,,6.1,11,24.9,25.7,,3
"2025-09-02 21:31:35",1568,1293,84020,-36.734407,-71.940585,6.9,12.3,24.89,25.65,39.5,3.1
"2025-09-02 21:31:37",1574,1299,83970,0,,7.3,15.4,24.85,25.15,,3
"2025-09-02 21:31:38",1576,1301,83946,-36.734238,-71.94054,5.3,17.1,24.93,25.2,,3
"2025-09-02 21:31:41",1586,1311,83854,-36.734077,-71.940502,5.15,22.9,24.84,24.3,,3
"2025-09-02 21:31:43",1592,1317,83799,0,,7.15,2.4,24.81,23.9,,3
"2025-09-02 21:31:44",1594,1319,83772,-36.733903,-71.940463,5.15,10.4,24.81,23.9,,3
"2025-09-02 21:31:46",1598,1323,83733,0,,7.2,1.7,24.81,22.15,,2.8
"2025-09-02 21:31:47",1600,1325,83714,-36.733727,-71.940433,5.6,16.4,24.82,21.15,,2.7
"2025-09-02 21:31:49",1605,1330,83666,0,,7.3,355.4,24.94,19.75,,2.7
"2025-09-02 21:31:50",1608,1333,83642,-36.733545,-71.940415,6.55,12.6,24.96,19.2,,2.7
"2025-09-02 21:31:52",1614,1339,83588,0,,5.6,351.1,25.07,19.35,,2.7
"2025-09-02 21:31:53",1616,1341,83562,-36.733372,-71.940403,7.15,10.6,25.01,20,,2.5
"2025-09-02 21:31:55",1622,1347,83508,0,,5.45,348.1,24.96,21.8,,2.5
"2025-09-02 21:31:56",1625,1350,83482,-36.733202,-71.940397,7.1,14.8,24.94,22.5,,2.5
"2025-09-02 21:31:57",1629,1354,83441,0,,6.75,5.8,24.89,23.45,,2.7
"2025-09-02 21:31:58",1633,1358,83399,0,,6.05,7.5,24.8,24.25,,2.8
"2025-09-02 21:31:59",1638,1363,83358,-36.733032,-71.940347,6.45,38.4,24.66,24.9,,3
"2025-09-02 21:32:00",1640,1365,83335,0,,4.15,48.4,24.52,25.45,,3.1
"2025-09-02 21:32:01",1643,1368,83312,0,,7.15,23.8,24.45,25.9,,3
"2025-09-02 21:32:02",1645,1370,83290,-36.73289,-71.94024,8.35,20,24.4,26.3,39.25,3
"2025-09-02 21:32:03",1649,1374,83254,0,,7.4,19.7,24.34,26.5,,3.1
"2025-09-02 21:32:04",1653,1378,83219,0,,7.85,28.8,24.37,26.8,,3.2
"2025-09-02 21:32:05",1656,1381,83184,-36.732708,-71.940147,4.45,26.4,24.32,27.1,,3.3
"2025-09-02 21:32:06",1660,1385,83151,0,,6,31.2,24.22,27.3,,3.3
"2025-09-02 21:32:07",1663,1388,83119,0,,7.35,31.8,24.13,27.45,,3.4
"2025-09-02 21:32:08",1666,1391,83088,-36.732562,-71.94005,5.7,14.1,24.08,27.55,,3.5
"2025-09-02 21:32:09",1670,1395,83057,0,,5,34.7,24.01,27.6,,3.4
"2025-09-02 21:32:10",1673,1398,83025,0,,6.15,41.5,24.03,27.65,,3.3
"2025-09-02 21:32:11",1676,1401,82994,-36.73243,-71.939948,6.65,22,23.97,27.7,,3.2
"2025-09-02 21:32:12",1679,1404,82972,0,,5.55,36.9,23.95,27.75,,3.2
"2025-09-02 21:32:13",1681,1406,82950,0,,6.15,47.3,23.94,27.8,,3.2
"2025-09-02 21:32:14",1683,1408,82928,-36.732302,-71.93982,6.95,37,23.91,27.85,,3.2
"2025-09-02 21:32:15",1685,1410,82912,0,,5.7,58.6,23.88,27.85,,3.1
"2025-09-02 21:32:16",1687,1412,82896,0,,5.9,56.9,23.86,27.9,,2.9
"2025-09-02 21:32:17",1688,1413,82880,-36.732192,-71.939657,8.25,35,23.91,27.95,,2.8
"2025-09-02 21:32:18",1690,1415,82861,0,,7.8,24.6,23.89,28,,2.6
"2025-09-02 21:32:19",1692,1417,82843,0,,5.2,40.8,23.82,28.05,,2.5
"2025-09-02 21:32:20",1694,1419,82826,-36.732035,-71.939527,7.45,39.7,23.75,28.05,,2.4
"2025-09-02 21:32:21",1696,1421,82808,0,,6,27,23.66,28.1,,2.2
"2025-09-02 21:32:22",1698,1423,82792,0,,4.9,41.4,23.66,28.2,,2
"2025-09-02 21:32:23",1699,1424,82776,-36.731903,-71.939407,7.15,41.3,23.73,28.2,,1.9
"2025-09-02 21:32:24",1701,1426,82760,0,,4.9,45.2,23.74,28.05,,1.9
"2025-09-02 21:32:25",1703,1428,82743,0,,5.05,40.4,23.66,27.8,,1.8
"2025-09-02 21:32:26",1705,1430,82726,-36.731787,-71.939282,6.9,34.6,23.66,27.7,,1.8
"2025-09-02 21:32:27",1707,1432,82703,0,,5.5,36.1,23.66,27.55,,1.8
"2025-09-02 21:32:28",1709,1434,82681,0,,6.75,39.8,23.66,27,,1.9
"2025-09-02 21:32:29",1712,1437,82660,-36.731643,-71.939152,8.1,36.2,23.66,26.35,38.75,1.9
"2025-09-02 21:32:30",1714,1439,82640,0,,7.05,19,23.66,26,,2
"2025-09-02 21:32:31",1716,1441,82620,0,,6.2,24.6,23.66,26.15,,2
"2025-09-02 21:32:32",1718,1443,82600,-36.73147,-71.939055,7.9,18.2,23.66,26.05,,2
"2025-09-02 21:32:33",1719,1444,82587,0,,7,19.1,23.66,25.55,,1.9
"2025-09-02 21:32:34",1721,1446,82574,0,,6.35,39.4,23.66,25.1,,1.9
"2025-09-02 21:32:35",1722,1447,82562,-36.7313,-71.93895,8.2,26.4,23.66,24.85,,1.9
"2025-09-02 21:32:36",1724,1449,82542,0,,6.75,30.3,23.66,24.55,,1.9
"2025-09-02 21:32:37",1726,1451,82524,0,,6.65,40.7,23.82,24.35,,1.9
"2025-09-02 21:32:38",1728,1453,82506,-36.731133,-71.938818,8.55,28.2,23.87,24.15,,1.9
"2025-09-02 21:32:41",1734,1459,82452,-36.730968,-71.938687,9,33.8,23.88,23.75,,1.9
"2025-09-02 21:32:42",1736,1461,82430,0,,7.2,31.2,23.87,23.7,,1.9
"2025-09-02 21:32:43",1738,1463,82409,0,,7,26,23.84,23.65,,1.9
"2025-09-02 21:32:44",1740,1465,82388,-36.73079,-71.938553,8.8,34.9,23.78,23.55,,1.9
"2025-09-02 21:32:45",1742,1467,82369,0,,6.5,39.2,23.78,23.5,,1.9
"2025-09-02 21:32:46",1744,1469,82351,0,,8.25,29.3,23.8,23.5,,2
"2025-09-02 21:32:47",1746,1471,82334,-36.730613,-71.938405,9.1,34.7,23.92,23.35,,2
"2025-09-02 21:32:48",1748,1473,82320,0,,6.3,30.3,23.92,23.35,,2
"2025-09-02 21:32:49",1749,1474,82307,0,,8.2,22.3,23.92,23.2,,1.9
"2025-09-02 21:32:50",1750,1475,82294,-36.730428,-71.938273,9.55,35.7,23.9,23.05,,1.9
"2025-09-02 21:32:51",1753,1478,82272,0,,7.95,34.4,23.97,22.8,,1.9
"2025-09-02 21:32:52",1755,1480,82254,0,,8,37.9,23.94,22.3,,1.9
"2025-09-02 21:32:53",1757,1482,82236,-36.730252,-71.938113,7.1,38.1,23.97,22.15,,1.9
"2025-09-02 21:32:54",1758,1483,82220,0,,8.2,22.7,23.96,22.05,,1.8
"2025-09-02 21:32:55",1760,1485,82203,0,,7.65,33.5,23.98,21.85,,1.8
"2025-09-02 21:32:56",1762,1487,82186,-36.730083,-71.937982,5.9,43.3,23.99,21.75,38.5,1.8
"2025-09-02 21:32:57",1763,1488,82178,0,,7.9,33,23.95,21.8,,1.7
"2025-09-02 21:32:58",1764,1489,82171,0,,7.5,28.6,23.92,21.85,,1.6
"2025-09-02 21:32:59",1764,1489,82164,-36.729918,-71.937853,6.3,26.5,23.89,22,,1.5
"2025-09-02 21:33:00",1766,1491,82146,0,,8.55,31.6,23.88,22.15,,1.5
"2025-09-02 21:33:01",1768,1493,82129,0,,7.05,23.8,23.88,22.3,,1.6
"2025-09-02 21:33:02",1770,1495,82112,-36.729737,-71.937745,7.5,16.3,23.88,22.25,,1.6
"2025-09-02 21:33:03",1771,1496,82098,0,,8.85,32.4,23.81,22.1,,1.6
"2025-09-02 21:33:04",1773,1498,82085,0,,7.25,27.5,23.8,21.95,,1.6
"2025-09-02 21:33:05",1774,1499,82072,-36.729543,-71.937627,8.1,17.8,23.77,21.9,,1.5
"2025-09-02 21:33:06",1775,1500,82066,0,,8.7,31.8,23.8,21.95,,1.4
"2025-09-02 21:33:07",1775,1500,82062,0,,5.75,25.8,23.84,22,,1.2
"2025-09-02 21:33:08",1776,1501,82058,-36.729368,-71.937517,6.95,26.3,23.81,22,,1.1
"2025-09-02 21:33:09",1778,1503,82040,0,,8.35,32.7,23.91,21.95,,1.2
"2025-09-02 21:33:10",1780,1505,82018,0,,6.1,25.3,23.89,21.95,,1.3
"2025-09-02 21:33:11",1782,1507,81996,-36.7292,-71.937407,6.2,23.5,23.86,21.95,,1.4
"2025-09-02 21:33:12",1783,1508,81986,0,,7.65,38.2,23.81,21.85,,1.5
"2025-09-02 21:33:13",1784,1509,81976,0,,6.25,19.5,23.8,21.75,,1.4
"2025-09-02 21:33:14",1785,1510,81966,-36.729037,-71.937302,7.15,23.4,23.8,21.8,,1.3
"2025-09-02 21:33:15",1786,1511,81961,0,,8.05,38.8,23.77,21.65,,1.2
"2025-09-02 21:33:16",1786,1511,81957,0,,6.35,21.7,23.79,21.5,,1.1
"2025-09-02 21:33:17",1787,1512,81954,-36.728875,-71.937192,5.75,26.7,23.79,21.35,,1
"2025-09-02 21:33:18",1787,1512,81946,0,,8.35,36.2,23.79,21.25,,1.1
"2025-09-02 21:33:19",1788,1513,81941,0,,6.9,20,23.79,21,,1.1
"2025-09-02 21:33:20",1789,1514,81936,-36.728713,-71.937082,5.55,27.5,23.76,20.9,,1.1
"2025-09-02 21:33:21",1789,1514,81934,0,,8.3,34.2,23.73,20.8,,0.9
"2025-09-02 21:33:22",1789,1514,81932,0,,6.55,31.4,23.68,20.75,,0.8
"2025-09-02 21:33:23",1789,1514,81930,-36.728557,-71.936957,6.5,35.8,23.68,20.35,38.5,0.6
"2025-09-02 21:33:24",1789,1514,81930,0,,6.55,35.8,23.75,19.95,,0.5
"2025-09-02 21:33:25",1789,1514,81930,0,,6.25,30.3,23.76,19.45,,0.4
"2025-09-02 21:33:26",1789,1514,81930,-36.728392,-71.936827,7.4,35.7,23.81,18.9,,0.3
"2025-09-02 21:33:27",1790,1515,81925,0,,9,32.2,23.92,18.4,,0.3
"2025-09-02 21:33:28",1790,1515,81920,0,,5.9,31.8,23.94,17.95,,0.3
"2025-09-02 21:33:29",1791,1516,81916,-36.728223,-71.93669,7.55,35.7,23.98,17.65,,0.3
"2025-09-02 21:33:30",1792,1517,81908,0,,8.7,33.4,24.09,17.4,,0.4
"2025-09-02 21:33:31",1792,1517,81901,0,,5.95,27.9,24.11,17.15,,0.4
"2025-09-02 21:33:32",1793,1518,81894,-36.728052,-71.936555,7.85,35.5,24.22,16.95,,0.4
"2025-09-02 21:33:33",1795,1520,81880,0,,8.6,37.1,24.46,16.8,,0.5
"2025-09-02 21:33:34",1796,1521,81866,0,,6.4,25.6,24.47,16.65,,0.6
"2025-09-02 21:33:35",1798,1523,81852,-36.72788,-71.936415,7.5,38.4,24.47,16.95,,0.7
"2025-09-02 21:33:36",1798,1523,81845,0,,8.5,38.8,24.43,17.7,,0.8
"2025-09-02 21:33:37",1799,1524,81838,0,,6.9,22.9,24.35,18.35,,0.8
"2025-09-02 21:33:38",1800,1525,81832,-36.727705,-71.936282,7.1,26.4,24.31,18.95,,0.9
"2025-09-02 21:33:41",1802,1527,81808,-36.727528,-71.93616,7.9,32.7,24.21,19.45,,0.9
"2025-09-02 21:33:42",1803,1528,81801,0,,7.95,27.9,24.15,19.7,,0.9
"2025-09-02 21:33:43",1804,1529,81794,0,,5.8,32.7,24.12,19.9,,0.9
"2025-09-02 21:33:44",1804,1529,81788,-36.72736,-71.93603,8.5,39.9,24.06,20.1,,0.9
"2025-09-02 21:33:45",1805,1530,81779,0,,7.8,30.2,24.01,20.35,,0.9
"2025-09-02 21:33:46",1806,1531,81771,0,,5.75,31.7,23.97,20.4,,0.8
"2025-09-02 21:33:47",1807,1532,81764,-36.727197,-71.935888,8.75,40.2,23.95,20.45,,0.8
"2025-09-02 21:33:48",1808,1533,81755,0,,7.2,30.3,23.98,20.3,,0.8
"2025-09-02 21:33:49",1809,1534,81747,0,,6.4,34.5,23.97,19.6,,0.8
"2025-09-02 21:33:50",1810,1535,81740,-36.727027,-71.935743,9.2,38.6,23.97,18.95,38.5,0.8
"2025-09-02 21:33:51",1811,1536,81726,0,,6.95,35.5,24.03,18.35,,0.9
"2025-09-02 21:33:52",1812,1537,81713,0,,6.4,38,24.02,17.95,,0.9
"2025-09-02 21:33:53",1814,1539,81700,-36.726862,-71.935593,9.2,34.4,23.94,17.8,,1
"2025-09-02 21:33:54",1815,1540,81692,0,,7.2,38.9,23.92,17.75,,1
"2025-09-02 21:33:55",1815,1540,81685,0,,6.85,39.6,23.93,17.55,,1
"2025-09-02 21:33:56",1816,1541,81678,-36.726695,-71.93544,9.05,31.5,23.92,17.3,,1
"2025-09-02 21:33:57",1817,1542,81672,0,,7.25,45.3,23.88,17.05,,1
"2025-09-02 21:33:58",1817,1542,81667,0,,7.55,37.6,23.88,16.85,,0.9
"2025-09-02 21:33:59",1818,1543,81662,-36.726525,-71.93528,8.85,31.7,23.92,16.75,,0.9
"2025-09-02 21:34:00",1820,1545,81646,0,,7.1,45.1,24.02,16.65,,1
"2025-09-02 21:34:01",1822,1547,81629,0,,8,35.1,24.07,16.55,,1.1
"2025-09-02 21:34:02",1823,1548,81612,-36.72635,-71.93512,9.05,30.2,24.04,16.45,,1.1
"2025-09-02 21:34:03",1825,1550,81597,0,,6.7,43.7,24.03,16.35,,1.2
"2025-09-02 21:34:04",1826,1551,81583,0,,8,36.6,24.01,16.3,,1.2
"2025-09-02 21:34:05",1828,1553,81570,-36.72618,-71.93496,8.8,35.9,23.96,16.25,,1.2
"2025-09-02 21:34:07",1830,1555,81547,0,,8.6,28.2,23.92,16.25,,1.2
"2025-09-02 21:34:08",1831,1556,81536,-36.725993,-71.934818,9.1,34.9,23.9,16.25,,1.3
"2025-09-02 21:34:11",1835,1560,81504,-36.725797,-71.934683,9.55,37.4,23.88,16.45,,1.4
"2025-09-02 21:34:13",1838,1563,81478,0,,9.5,25.5,23.75,17.2,,1.3
"2025-09-02 21:34:14",1839,1564,81466,-36.725585,-71.93455,8,32.7,23.75,17.5,,1.3
"2025-09-02 21:34:16",1841,1566,81444,0,,8,27.2,23.77,18.05,,1.2
"2025-09-02 21:34:17",1842,1567,81434,-36.725385,-71.934438,8.2,30,23.78,17.9,38.5,1.2
"2025-09-02 21:34:19",1844,1569,81421,0,,8.1,32.7,23.66,17.95,,1.1
"2025-09-02 21:34:20",1844,1569,81416,-36.725182,-71.934305,8.35,29.7,23.66,18.05,,1.1
"2025-09-02 21:34:22",1845,1570,81406,0,,9.45,34.4,23.66,18.15,,1
"2025-09-02 21:34:23",1846,1571,81402,-36.724965,-71.934168,7.5,29.8,23.73,18.15,,0.9
"2025-09-02 21:34:24",1847,1572,81391,0,,8.35,20.5,23.66,18.2,,0.9
"2025-09-02 21:34:25",1848,1573,81380,0,,9.45,31.5,23.71,18.4,,0.9
"2025-09-02 21:34:26",1849,1574,81370,-36.724763,-71.934045,6.9,22,23.75,18.65,,0.9
"2025-09-02 21:34:27",1850,1575,81361,0,,8,21.6,23.74,18.9,,0.9
"2025-09-02 21:34:28",1851,1576,81352,0,,9,34.9,23.66,19.05,,0.9
"2025-09-02 21:34:29",1852,1577,81344,-36.724575,-71.933922,6.75,28.6,23.76,19.2,,0.8
"2025-09-02 21:34:30",1852,1577,81346,0,,8,34.1,23.66,19.1,,0.7
"2025-09-02 21:34:31",1852,1577,81349,0,,9.35,36.5,23.66,19.1,,0.6
"2025-09-02 21:34:32",1851,1576,81352,-36.724397,-71.933767,6.8,34.2,23.61,19.2,,0.6
"2025-09-02 21:34:33",1852,1577,81344,0,,8.5,25.3,23.56,19.2,,0.6
"2025-09-02 21:34:34",1853,1578,81336,0,,8.75,39.9,23.61,19.15,,0.6
"2025-09-02 21:34:35",1854,1579,81328,-36.72422,-71.933618,6.45,33.8,23.63,19.1,,0.7
"2025-09-02 21:34:36",1854,1579,81328,0,,9.1,29.9,23.65,18.9,,0.6
"2025-09-02 21:34:37",1854,1579,81328,0,,8.1,36.1,23.64,18.5,,0.5
"2025-09-02 21:34:38",1854,1579,81328,-36.72404,-71.933477,6.3,29.5,23.65,18.15,,0.4
"2025-09-02 21:34:40",1854,1579,81328,0,,8.15,37.3,23.66,17.65,,0.2
"2025-09-02 21:34:41",1854,1579,81328,-36.723865,-71.933337,5.85,29.5,23.74,17.3,,0.1
"2025-09-02 21:34:42",1854,1579,81325,0,,8.25,37.4,23.76,16.85,,0.2
"2025-09-02 21:34:43",1854,1579,81323,0,,8.25,38.1,23.8,16.5,,0.2
"2025-09-02 21:34:44",1855,1580,81322,-36.7237,-71.933193,6.1,26.1,23.91,16.2,38.25,0.3
"2025-09-02 21:34:45",1855,1580,81319,0,,7.8,35.1,23.9,15.95,,0.2
"2025-09-02 21:34:46",1855,1580,81316,0,,8.35,40.4,23.88,15.9,,0.2
"2025-09-02 21:34:47",1855,1580,81314,-36.723538,-71.933053,5.8,25.5,23.92,16.05,,0.1
"2025-09-02 21:34:48",1855,1580,81315,0,,7.9,36.5,23.92,16.05,,0.1
"2025-09-02 21:34:49",1855,1580,81316,0,,7.5,37.3,24.05,16,,0.1
"2025-09-02 21:34:50",1855,1580,81318,-36.723378,-71.93292,6.25,26.3,24.06,16.1,,0.1
"2025-09-02 21:34:51",1855,1580,81320,0,,8.75,38.6,23.99,16.6,,0.1
"2025-09-02 21:34:52",1855,1580,81322,0,,7.35,36.3,24.08,17.1,,0
"2025-09-02 21:34:53",1854,1579,81324,-36.723213,-71.93278,6.4,24.3,24.05,17.4,,0
"2025-09-02 21:34:54",1854,1579,81326,0,,8.65,40.1,23.98,17.6,,0
"2025-09-02 21:34:55",1854,1579,81328,0,,7.3,37.6,24.07,17.65,,0
"2025-09-02 21:34:56",1854,1579,81330,-36.723048,-71.932632,7.05,28.4,24.04,17.6,,-0.1
"2025-09-02 21:34:57",1854,1579,81325,0,,9.15,43.2,24.01,17.5,,-0.1
"2025-09-02 21:34:58",1855,1580,81320,0,,6.95,43.4,24.06,17.5,,0
"2025-09-02 21:34:59",1855,1580,81316,-36.722883,-71.932463,7.85,35.7,24.04,17.7,,0
"2025-09-02 21:35:00",1855,1580,81313,0,,8.9,43.2,24.01,18,,0
"2025-09-02 21:35:01",1856,1581,81311,0,,6.1,33.3,24.02,18.3,,0
"2025-09-02 21:35:02",1856,1581,81310,-36.722723,-71.932308,7.25,37.8,23.98,18.35,,0.1
"2025-09-02 21:35:03",1856,1581,81304,0,,7.4,54.6,24.03,18.35,,0.1
"2025-09-02 21:35:04",1857,1582,81299,0,,6.65,40.2,24.03,18.05,,0.2
"2025-09-02 21:35:05",1858,1583,81294,-36.722593,-71.932137,7,48.2,23.99,17.75,,0.3
"2025-09-02 21:35:06",1857,1582,81294,0,,6.65,55,24.08,17.25,,0.3
"2025-09-02 21:35:07",1857,1582,81295,0,,6.7,33.5,24.11,16.6,,0.3
"2025-09-02 21:35:08",1857,1582,81296,-36.722468,-71.931975,7.05,52.8,24.2,16.05,,0.3
"2025-09-02 21:35:11",1860,1585,81270,-36.722338,-71.931823,6.8,57.1,24.35,14.95,38,0.4
"2025-09-02 21:35:12",1861,1586,81265,0,,6.2,46.9,24.41,14.7,,0.4
"2025-09-02 21:35:13",1861,1586,81260,0,,6.95,33,24.42,14.5,,0.5
"2025-09-02 21:35:14",1862,1587,81256,-36.722215,-71.931663,6.95,56,24.48,14.4,,0.5
"2025-09-02 21:35:15",1862,1587,81250,0,,6.5,40.3,24.55,14.3,,0.5
"2025-09-02 21:35:16",1863,1588,81245,0,,7.25,35.1,24.56,14.2,,0.5
"2025-09-02 21:35:17",1863,1588,81240,-36.72208,-71.9315,7.4,54.3,24.63,14.1,,0.5
"2025-09-02 21:35:18",1864,1589,81231,0,,6.8,40,24.65,14,,0.6
"2025-09-02 21:35:19",1865,1590,81223,0,,5.65,37.3,24.65,13.95,,0.7
"2025-09-02 21:35:20",1866,1591,81216,-36.72195,-71.931348,7.25,48.5,24.6,13.9,,0.7
"2025-09-02 21:35:21",1866,1591,81214,0,,7.55,36.2,24.6,13.9,,0.7
"2025-09-02 21:35:22",1866,1591,81213,0,,5.4,45.7,24.54,13.85,,0.6
"2025-09-02 21:35:23",1867,1592,81212,-36.72182,-71.931195,7.05,51,24.58,13.85,,0.6
"2025-09-02 21:35:24",1867,1592,81204,0,,7.15,32,24.6,13.85,,0.6
"2025-09-02 21:35:25",1868,1593,81197,0,,6.3,48,24.6,13.8,,0.6
"2025-09-02 21:35:26",1869,1594,81190,-36.721683,-71.931035,7.45,56.8,24.65,13.8,,0.6
"2025-09-02 21:35:27",1870,1595,81179,0,,6.35,32.7,24.69,13.75,,0.6
"2025-09-02 21:35:28",1871,1596,81169,0,,5.95,45,24.66,13.75,,0.7
"2025-09-02 21:35:29",1872,1597,81160,-36.721562,-71.93088,7.45,59.3,24.62,13.7,,0.7
"2025-09-02 21:35:30",1873,1598,81154,0,,6.35,37.1,24.66,13.75,,0.7
"2025-09-02 21:35:31",1873,1598,81148,0,,6.45,45.8,24.61,13.75,,0.7
"2025-09-02 21:35:32",1874,1599,81142,-36.721437,-71.930712,7.9,56.4,24.63,13.7,,0.7
"2025-09-02 21:35:33",1874,1599,81140,0,,6.3,35.9,24.67,13.75,,0.6
"2025-09-02 21:35:34",1874,1599,81138,0,,6.5,47.7,24.69,13.6,,0.6
"2025-09-02 21:35:35",1875,1600,81136,-36.721308,-71.930542,8.35,55.2,24.72,13.7,,0.6
"2025-09-02 21:35:36",1875,1600,81132,0,,5.65,43,24.72,13.7,,0.7
"2025-09-02 21:35:37",1875,1600,81129,0,,6.85,47.5,24.69,13.65,,0.6
"2025-09-02 21:35:38",1876,1601,81126,-36.721185,-71.930368,8.1,51.5,24.76,13.65,38.25,0.6
"2025-09-02 21:35:40",1878,1603,81110,0,,7.25,49,24.7,13.65,,0.6
"2025-09-02 21:35:41",1878,1603,81102,-36.721063,-71.930188,8.05,50.1,24.76,13.6,,0.6
"2025-09-02 21:35:42",1880,1605,81089,0,,5.3,53.3,24.74,13.6,,0.6
"2025-09-02 21:35:43",1881,1606,81077,0,,7.55,51,24.76,13.6,,0.6
"2025-09-02 21:35:44",1882,1607,81066,-36.720942,-71.930007,7.8,47.2,24.74,13.6,,0.7
"2025-09-02 21:35:45",1883,1608,81058,0,,5.5,50.6,24.71,13.6,,0.7
"2025-09-02 21:35:46",1884,1609,81050,0,,8.15,48.7,24.75,13.6,,0.8
"2025-09-02 21:35:47",1885,1610,81042,-36.720813,-71.929828,7.45,47.1,24.72,13.6,,0.8
"2025-09-02 21:35:48",1886,1611,81035,0,,5.5,53.6,24.71,13.6,,0.9
"2025-09-02 21:35:49",1886,1611,81028,0,,8.3,48.4,24.75,13.55,,0.9
"2025-09-02 21:35:50",1887,1612,81022,-36.72069,-71.92965,6.9,47.5,24.71,13.55,,0.9
"2025-09-02 21:35:51",1888,1613,81013,0,,5.85,55.8,24.7,13.55,,0.9
"2025-09-02 21:35:52",1889,1614,81005,0,,8.45,46.4,24.72,13.55,,0.9
"2025-09-02 21:35:53",1890,1615,80998,-36.720568,-71.929468,6.4,51.8,24.68,13.55,,0.9
"2025-09-02 21:35:54",1891,1616,80988,0,,6.2,56.1,24.66,13.5,,0.9
"2025-09-02 21:35:55",1892,1617,80978,0,,7.95,46,24.68,13.55,,0.9
"2025-09-02 21:35:56",1893,1618,80968,-36.720455,-71.929287,6.45,55.8,24.63,13.55,,0.9
"2025-09-02 21:35:57",1894,1619,80957,0,,6.45,55.5,24.62,13.5,,0.9
"2025-09-02 21:35:58",1895,1620,80946,0,,8.35,42.6,24.64,13.55,,0.9
"2025-09-02 21:35:59",1896,1621,80936,-36.72033,-71.929108,6.55,52.1,24.61,13.55,,1
"2025-09-02 21:36:00",1898,1623,80924,0,,6.4,53.9,24.6,13.55,,1
"2025-09-02 21:36:01",1899,1624,80913,0,,7.95,43.4,24.63,13.55,,1
"2025-09-02 21:36:02",1900,1625,80902,-36.72021,-71.928933,6.1,56.1,24.6,13.55,,1.1
"2025-09-02 21:36:03",1901,1626,80890,0,,6.8,53,24.63,13.55,,1.1
"2025-09-02 21:36:04",1903,1628,80878,0,,7.75,40.5,24.6,13.55,,1.1
"2025-09-02 21:36:05",1904,1629,80866,-36.72009,-71.928757,6.4,61.6,24.6,13.55,38.25,1.2
"2025-09-02 21:36:06",1905,1630,80853,0,,6.95,52.2,24.63,13.55,,1.2
"2025-09-02 21:36:07",1907,1632,80840,0,,7.5,41.8,24.6,13.5,,1.2
"2025-09-02 21:36:08",1908,1633,80828,-36.719973,-71.928575,6.7,66,24.58,13.5,,1.3
"2025-09-02 21:36:11",1912,1637,80794,-36.719858,-71.928397,6.9,65,24.56,13.45,,1.3
"2025-09-02 21:36:12",1913,1638,80780,0,,6.85,45.6,24.58,13.45,,1.3
"2025-09-02 21:36:13",1915,1640,80768,0,,6.85,43.7,24.56,13.45,,1.3
"2025-09-02 21:36:14",1916,1641,80756,-36.71974,-71.92822,7.3,63.7,24.58,13.45,,1.3
"2025-09-02 21:36:15",1917,1642,80743,0,,6.45,42.6,24.6,13.5,,1.3
"2025-09-02 21:36:16",1919,1644,80730,0,,6.7,46.2,24.55,13.45,,1.3
"2025-09-02 21:36:17",1920,1645,80718,-36.719625,-71.928045,7.4,60.7,24.61,13.4,,1.3
"2025-09-02 21:36:18",1921,1646,80705,0,,7.4,60.7,24.6,13.35,,1.3
"2025-09-02 21:36:19",1923,1648,80693,0,,6.5,49.2,24.58,13.35,,1.3
"2025-09-02 21:36:20",1924,1649,80682,-36.719507,-71.927873,7.5,60.2,24.61,13.25,,1.3
"2025-09-02 21:36:21",1925,1650,80671,0,,6.75,39.8,24.6,13.25,,1.3
"2025-09-02 21:36:22",1926,1651,80660,0,,6.2,49.7,24.58,13.25,,1.3
"2025-09-02 21:36:23",1927,1652,80650,-36.719392,-71.927702,6.95,61.9,24.6,13.25,,1.3
"2025-09-02 21:36:24",1929,1654,80634,0,,7.3,41.3,24.6,13.25,,1.3
"2025-09-02 21:36:25",1931,1656,80618,0,,6.15,52.2,24.56,13.25,,1.4
"2025-09-02 21:36:26",1933,1658,80602,-36.719278,-71.927528,6.6,61,24.51,13.25,,1.4
"2025-09-02 21:36:27",1934,1659,80591,0,,7.3,39.2,24.57,13.25,,1.4
"2025-09-02 21:36:28",1935,1660,80580,0,,5.65,55.7,24.49,13.25,,1.4
"2025-09-02 21:36:29",1936,1661,80570,-36.719168,-71.92736,6.75,60.3,24.52,13.25,,1.3
"2025-09-02 21:36:30",1938,1663,80555,0,,7.15,40.8,24.47,13.25,,1.4
"2025-09-02 21:36:31",1939,1664,80541,0,,5.8,61.9,24.42,13.25,,1.4
"2025-09-02 21:36:32",1941,1666,80528,-36.719063,-71.927182,6.95,55.8,24.46,13.25,38.25,1.4
"2025-09-02 21:36:33",1942,1667,80517,0,,7.05,40,24.41,13.25,,1.4
"2025-09-02 21:36:34",1943,1668,80506,0,,6,65.9,24.37,13.25,,1.4
"2025-09-02 21:36:35",1944,1669,80496,-36.718957,-71.927007,6.8,53.4,24.41,13.25,,1.4
"2025-09-02 21:36:37",1948,1673,80464,0,,6.3,67.3,24.32,13.25,,1.4
"2025-09-02 21:36:38",1949,1674,80448,-36.718848,-71.926832,6.95,50.7,24.35,13.25,,1.4
"2025-09-02 21:36:41",1954,1679,80406,-36.718743,-71.926658,7.1,48.6,24.32,13.25,,1.5
"2025-09-02 21:36:43",1957,1682,80377,0,,5.75,69.4,24.23,13.3,,1.5
"2025-09-02 21:36:44",1959,1684,80364,-36.71864,-71.926488,7.5,47.9,24.26,13.35,,1.5
"2025-09-02 21:36:46",1962,1687,80332,0,,5.65,68.1,24.2,13.4,,1.6
"2025-09-02 21:36:47",1964,1689,80316,-36.718538,-71.926317,7.65,47.2,24.2,13.45,,1.6
"2025-09-02 21:36:49",1967,1692,80288,0,,5.8,63.1,24.13,13.4,,1.6
"2025-09-02 21:36:50",1968,1693,80274,-36.718433,-71.926148,7.6,44.5,24.16,13.4,,1.6
"2025-09-02 21:36:52",1973,1698,80235,0,,6,61.1,24.11,13.45,,1.6
"2025-09-02 21:36:53",1975,1700,80216,-36.71833,-71.925983,7.2,40.8,24.09,13.45,,1.7
"2025-09-02 21:36:55",1978,1703,80186,0,,6.15,59.5,24.07,13.5,,1.7
"2025-09-02 21:36:56",1979,1704,80172,-36.718232,-71.92582,6.65,39.1,24.05,13.5,,1.7
"2025-09-02 21:36:57",1981,1706,80153,0,,6.3,64.8,23.98,13.5,,1.8
"2025-09-02 21:36:58",1984,1709,80134,0,,6.2,57.9,24.04,13.5,,1.8
"2025-09-02 21:36:59",1986,1711,80116,-36.718135,-71.925652,5.95,39.4,23.99,13.5,38.25,1.8
"2025-09-02 21:37:00",1987,1712,80099,0,,6.8,62.3,23.94,13.45,,1.8
"2025-09-02 21:37:01",1989,1714,80082,0,,6.15,57.4,23.99,13.5,,1.9
"2025-09-02 21:37:02",1991,1716,80066,-36.718042,-71.925485,5.35,42.9,23.95,13.5,,1.9
"2025-09-02 21:37:03",1993,1718,80050,0,,7.35,58.9,23.92,13.5,,1.9
"2025-09-02 21:37:04",1995,1720,80034,0,,6.15,57.6,23.96,13.5,,1.9
"2025-09-02 21:37:05",1996,1721,80018,-36.717947,-71.925317,4.9,48,23.92,13.55,,1.8
"2025-09-02 21:37:06",1998,1723,80004,0,,7.6,53.2,23.86,13.55,,1.8
"2025-09-02 21:37:07",1999,1724,79991,0,,6.05,57.8,23.92,13.55,,1.8
"2025-09-02 21:37:08",2001,1726,79978,-36.71785,-71.92515,4.9,52.6,23.82,13.55,,1.8
"2025-09-02 21:37:09",2003,1728,79958,0,,7.65,51.9,23.72,13.55,,1.8
"2025-09-02 21:37:10",2005,1730,79939,0,,5.7,56.6,23.66,13.55,,1.8
"2025-09-02 21:37:11",2007,1732,79920,-36.717753,-71.924985,4.95,54.2,23.66,13.6,,1.8
"2025-09-02 21:37:12",2009,1734,79905,0,,7.75,53.7,23.65,13.6,,1.8
"2025-09-02 21:37:13",2010,1735,79890,0,,5.6,50.9,23.62,13.6,,1.7
"2025-09-02 21:37:14",2012,1737,79876,-36.717655,-71.924822,5.25,53,23.62,13.6,,1.7
"2025-09-02 21:37:15",2013,1738,79864,0,,7.7,57.9,23.6,13.65,,1.7
"2025-09-02 21:37:16",2014,1739,79853,0,,5.55,45.6,23.61,13.65,,1.7
"2025-09-02 21:37:17",2016,1741,79842,-36.717553,-71.924657,5.75,51.5,23.56,13.6,,1.6
"2025-09-02 21:37:18",2018,1743,79822,0,,7.3,60.1,23.66,13.7,,1.6
"2025-09-02 21:37:19",2020,1745,79803,0,,5.55,42.2,23.66,13.65,,1.7
"2025-09-02 21:37:20",2022,1747,79784,-36.717452,-71.924493,5.85,54.9,23.59,13.65,,1.7
"2025-09-02 21:37:21",2024,1749,79765,0,,6.9,61.4,23.51,13.65,,1.8
"2025-09-02 21:37:22",2026,1751,79747,0,,6.25,38.7,23.48,13.65,,1.7
"2025-09-02 21:37:23",2028,1753,79730,-36.71735,-71.924328,5.9,57.5,23.42,13.7,,1.7
"2025-09-02 21:37:24",2029,1754,79714,0,,6.6,59.9,23.36,13.7,,1.7
"2025-09-02 21:37:25",2031,1756,79699,0,,6.6,37.4,23.34,13.7,,1.7
"2025-09-02 21:37:26",2033,1758,79684,-36.717245,-71.924163,5.85,59.4,23.29,13.7,38.25,1.8
"2025-09-02 21:37:27",2034,1759,79670,0,,6.25,60.1,23.25,13.75,,1.7
"2025-09-02 21:37:28",2036,1761,79656,0,,6.15,38.9,23.25,13.75,,1.8
"2025-09-02 21:37:29",2037,1762,79642,-36.717147,-71.924005,5.9,58.2,23.25,13.75,,1.8
"2025-09-02 21:37:30",2039,1764,79626,0,,6.2,61.1,23.23,13.8,,1.8
"2025-09-02 21:37:31",2041,1766,79611,0,,6.35,34.9,23.22,13.8,,1.8
"2025-09-02 21:37:32",2042,1767,79596,-36.717045,-71.923847,6.2,57.4,23.2,13.8,,1.7
"2025-09-02 21:37:33",2044,1769,79582,0,,6.15,59.4,23.17,13.8,,1.7
"2025-09-02 21:37:34",2046,1771,79568,0,,6,36.5,23.17,13.8,,1.7
"2025-09-02 21:37:35",2047,1772,79554,-36.716947,-71.923687,6.4,60,23.08,13.8,,1.6
"2025-09-02 21:37:36",2049,1774,79536,0,,6,55.9,23.06,13.8,,1.6
"2025-09-02 21:37:37",2051,1776,79519,0,,5.7,35.2,23.07,13.9,,1.6
"2025-09-02 21:37:38",2053,1778,79502,-36.716847,-71.923528,6.55,60.7,23.06,13.9,,1.7
"2025-09-02 21:37:41",2057,1782,79460,-36.716748,-71.923373,6.8,59.4,23.03,14,,1.7
"2025-09-02 21:37:42",2059,1784,79444,0,,5.8,51.6,23.03,13.95,,1.7
"2025-09-02 21:37:43",2061,1786,79429,0,,5.35,39.1,23.03,13.95,,1.7
"2025-09-02 21:37:44",2062,1787,79414,-36.71665,-71.923217,6.7,63.1,23,14,,1.7
"2025-09-02 21:37:45",2063,1788,79406,0,,5.6,49.6,22.99,14,,1.6
"2025-09-02 21:37:46",2064,1789,79399,0,,5.7,39.2,23,14,,1.5
"2025-09-02 21:37:47",2065,1790,79392,-36.716552,-71.923063,6.45,64.7,23.05,14,,1.5
"2025-09-02 21:37:48",2067,1792,79371,0,,5.65,49.2,23.19,14.05,,1.5
"2025-09-02 21:37:49",2069,1794,79349,0,,5.8,40.6,23.14,14.05,,1.6
"2025-09-02 21:37:50",2072,1797,79328,-36.716455,-71.922912,5.75,66.9,23.08,14,,1.6
"2025-09-02 21:37:51",2073,1798,79319,0,,6.15,46.6,23.06,14,,1.5
"2025-09-02 21:37:52",2074,1799,79310,0,,5.7,42.9,23.03,14,,1.5
"2025-09-02 21:37:53",2075,1800,79302,-36.716358,-71.922763,5,66.5,23.08,14,38.25,1.4
"2025-09-02 21:37:54",2077,1802,79282,0,,6.2,44.7,23.04,14,,1.5
"2025-09-02 21:37:55",2079,1804,79264,0,,5.7,44.6,23.02,13.95,,1.5
"2025-09-02 21:37:56",2081,1806,79246,-36.716263,-71.922622,4.65,64,22.99,13.95,,1.5
"2025-09-02 21:37:57",2082,1807,79234,0,,6.45,42.7,22.95,13.9,,1.6
"2025-09-02 21:37:58",2083,1808,79223,0,,5.35,48.6,22.91,13.9,,1.6
"2025-09-02 21:37:59",2085,1810,79212,-36.716172,-71.922482,4.55,63.8,22.83,13.9,,1.6
"2025-09-02 21:38:00",2086,1811,79197,0,,6.25,38.2,22.84,13.9,,1.6
"2025-09-02 21:38:01",2088,1813,79182,0,,5.1,52.9,22.83,13.85,,1.5
"2025-09-02 21:38:02",2090,1815,79168,-36.716082,-71.922347,4.8,62.9,22.9,13.9,,1.5
"2025-09-02 21:38:03",2091,1816,79155,0,,6.4,36.5,22.85,13.95,,1.5
"2025-09-02 21:38:04",2092,1817,79141,0,,5.55,50.1,22.78,13.9,,1.5
"2025-09-02 21:38:05",2094,1819,79128,-36.715983,-71.922208,4.7,61.9,22.8,13.9,,1.6
"2025-09-02 21:38:06",2096,1821,79111,0,,6.6,37.2,22.75,13.85,,1.6
"2025-09-02 21:38:07",2097,1822,79095,0,,5.05,51.4,22.79,13.9,,1.6
"2025-09-02 21:38:08",2099,1824,79080,-36.715885,-71.922075,4.6,59.8,22.79,13.9,,1.6
"2025-09-02 21:38:09",2100,1825,79069,0,,6.6,37,22.78,13.9,,1.5
"2025-09-02 21:38:10",2102,1827,79058,0,,4.85,51.9,22.71,13.9,,1.5
"2025-09-02 21:38:11",2103,1828,79048,-36.715788,-71.921943,4.65,55.7,22.75,13.9,,1.5
"2025-09-02 21:38:12",2105,1830,79031,0,,6.7,36.8,22.71,13.9,,1.5
"2025-09-02 21:38:13",2106,1831,79014,0,,5.1,55,22.71,13.9,,1.6
"2025-09-02 21:38:14",2108,1833,78998,-36.715693,-71.921807,4.7,59.8,22.71,13.9,,1.6
"2025-09-02 21:38:15",2110,1835,78983,0,,6.5,35.6,22.71,13.85,,1.6
"2025-09-02 21:38:16",2112,1837,78968,0,,5,58.6,22.71,13.9,,1.6
"2025-09-02 21:38:17",2113,1838,78954,-36.7156,-71.921673,4.65,52.4,22.71,13.9,,1.6
"2025-09-02 21:38:18",2114,1839,78942,0,,5.85,33.7,22.71,13.9,,1.6
"2025-09-02 21:38:19",2116,1841,78930,0,,5.35,58.6,22.68,13.9,,1.5
"2025-09-02 21:38:20",2117,1842,78918,-36.715505,-71.921545,4.6,48.7,22.71,13.9,38,1.5
"2025-09-02 21:38:21",2119,1844,78903,0,,5.95,32.7,22.71,13.85,,1.5
"2025-09-02 21:38:22",2120,1845,78889,0,,5.1,62.3,22.71,13.8,,1.5
"2025-09-02 21:38:23",2122,1847,78876,-36.71541,-71.921423,4.5,43.5,22.71,13.8,,1.6
"2025-09-02 21:38:24",2123,1848,78863,0,,5.8,36,22.71,13.8,,1.6
"2025-09-02 21:38:25",2125,1850,78850,0,,4.55,62.4,22.73,13.8,,1.5
"2025-09-02 21:38:26",2126,1851,78838,-36.715318,-71.921305,4.9,43,22.71,13.75,,1.5
"2025-09-02 21:38:27",2127,1852,78826,0,,6,40.3,22.71,13.75,,1.5
"2025-09-02 21:38:28",2129,1854,78814,0,,5.05,40.3,22.71,13.7,,1.4
"2025-09-02 21:38:29",2130,1855,78802,-36.715208,-71.921188,4.85,40.5,22.71,13.7,,1.4
"2025-09-02 21:38:30",2131,1856,78788,0,,6.1,42.4,22.69,13.7,,1.4
"2025-09-02 21:38:31",2133,1858,78775,0,,3.15,49,22.71,13.7,,1.4
"2025-09-02 21:38:32",2134,1859,78762,-36.715117,-71.92108,4.85,44.9,22.65,13.7,,1.4
"2025-09-02 21:38:33",2136,1861,78746,0,,,,22.62,13.7,,1.5
"2025-09-02 21:38:34",2138,1863,78730,0,,,,22.64,13.75,,1.5
"2025-09-02 21:38:35",2140,1865,78714,0,,,,22.6,13.7,,1.5
"2025-09-02 21:38:36",2141,1866,78704,0,,5.15,46.2,22.61,13.65,,1.5
"2025-09-02 21:38:37",2142,1867,78694,0,,3,34,22.6,13.65,,1.4
"2025-09-02 21:38:38",2143,1868,78684,-36.71495,-71.920863,5.35,57.2,22.56,13.65,,1.4
"2025-09-02 21:38:41",2148,1873,78642,-36.714867,-71.920747,5.4,60.4,22.57,13.65,,1.5
"2025-09-02 21:38:42",2149,1874,78630,0,,4.85,41.2,22.67,13.65,,1.5
"2025-09-02 21:38:43",2150,1875,78618,0,,4.25,31.7,22.62,13.65,,1.5
"2025-09-02 21:38:44",2152,1877,78606,-36.714782,-71.920632,5.35,63.4,22.58,13.65,,1.4
"2025-09-02 21:38:45",2153,1878,78595,0,,4.45,33.2,22.64,13.7,,1.4
"2025-09-02 21:38:46",2154,1879,78584,0,,4.3,33.9,22.6,13.7,,1.4
"2025-09-02 21:38:47",2155,1880,78574,-36.714695,-71.920523,5.8,60.2,22.61,13.7,37.75,1.3
"2025-09-02 21:38:48",2156,1881,78562,0,,3.75,36.6,22.63,13.7,,1.3
"2025-09-02 21:38:49",2158,1883,78551,0,,4.05,35,22.59,13.65,,1.3
"2025-09-02 21:38:50",2159,1884,78540,-36.714612,-71.92042,5.7,54.6,22.57,13.65,,1.3
"2025-09-02 21:38:51",2161,1886,78522,0,,3.6,42.8,22.65,13.65,,1.4
"2025-09-02 21:38:52",2163,1888,78505,0,,3.8,37.9,22.59,13.65,,1.4
"2025-09-02 21:38:53",2165,1890,78488,-36.714527,-71.920315,6.05,47.4,22.54,13.6,,1.4
"2025-09-02 21:38:54",2166,1891,78474,0,,3.35,53.9,22.55,13.6,,1.4
"2025-09-02 21:38:55",2168,1893,78461,0,,3.75,37.5,22.5,13.65,,1.4
"2025-09-02 21:38:56",2169,1894,78448,-36.714443,-71.920213,5.8,42.3,22.47,13.6,,1.5
"2025-09-02 21:38:57",2171,1896,78435,0,,3.4,63.2,22.53,13.65,,1.5
"2025-09-02 21:38:58",2172,1897,78422,0,,3.85,31.6,22.49,13.65,,1.5
"2025-09-02 21:38:59",2173,1898,78410,-36.714365,-71.920117,5.15,41.4,22.45,13.65,,1.5
"2025-09-02 21:39:00",2174,1899,78400,0,,3.4,67.7,22.48,13.6,,1.5
"2025-09-02 21:39:01",2176,1901,78390,0,,4.4,43.8,22.42,13.6,,1.5
"2025-09-02 21:39:02",2177,1902,78380,-36.71429,-71.920012,4.85,41.9,22.35,13.6,,1.5
"2025-09-02 21:39:03",2178,1903,78365,0,,2.9,57.8,22.4,13.6,,1.5
"2025-09-02 21:39:04",2180,1905,78350,0,,5.1,39.2,22.35,13.6,,1.5
"2025-09-02 21:39:05",2182,1907,78336,-36.71421,-71.919915,4.5,42,22.31,13.55,,1.4
"2025-09-02 21:39:07",2185,1910,78308,0,,5.5,42.8,22.25,13.55,,1.4
"2025-09-02 21:39:08",2186,1911,78294,-36.714127,-71.919822,4.4,44.8,22.23,13.6,,1.4
"2025-09-02 21:39:11",2191,1916,78248,-36.714047,-71.919723,3.9,43.1,22.26,13.6,,1.5
"2025-09-02 21:39:13",2193,1918,78229,0,,5.6,53.6,22.21,13.6,,1.5
"2025-09-02 21:39:14",2194,1919,78220,-36.713968,-71.919627,4,33.7,22.25,13.65,37.5,1.5
"2025-09-02 21:39:16",2199,1924,78180,0,,5.35,55.8,22.14,13.6,,1.6
"2025-09-02 21:39:17",2201,1926,78162,-36.713888,-71.919533,3.7,29.4,22.14,13.65,,1.6
"2025-09-02 21:39:19",2203,1928,78144,0,,5.45,51.2,22.06,13.65,,1.5
"2025-09-02 21:39:20",2204,1929,78136,-36.713803,-71.919438,3.65,28.9,22.02,13.65,,1.5
"2025-09-02 21:39:22",2206,1931,78111,0,,5.25,57.2,21.97,13.7,,1.4
"2025-09-02 21:39:23",2208,1933,78100,-36.713727,-71.919342,3.05,29.8,21.91,13.7,,1.4
"2025-09-02 21:39:25",2212,1937,78064,0,,5.05,55.3,21.88,13.7,,1.5
"2025-09-02 21:39:26",2214,1939,78046,-36.71365,-71.919247,2.7,33,21.85,13.7,,1.6
"2025-09-02 21:39:27",2216,1941,78028,0,,4.6,41.2,21.84,13.75,,1.6
"2025-09-02 21:39:28",2218,1943,78010,0,,4.85,49.9,21.79,13.75,,1.7
"2025-09-02 21:39:29",2220,1945,77992,-36.713575,-71.919155,2.45,42.9,21.79,13.75,,1.6
"2025-09-02 21:39:30",2221,1946,77978,0,,4.9,36.4,21.79,13.75,,1.6
"2025-09-02 21:39:31",2223,1948,77965,0,,4.65,52.3,21.74,13.8,,1.7
"2025-09-02 21:39:32",2224,1949,77952,-36.713502,-71.91906,2.65,54.6,21.77,13.8,,1.7
"2025-09-02 21:39:33",2226,1951,77936,0,,4.9,31.9,21.74,13.8,,1.7
"2025-09-02 21:39:34",2228,1953,77920,0,,4.5,49,21.74,13.8,,1.7
"2025-09-02 21:39:35",2230,1955,77904,-36.713425,-71.918967,2.85,61.2,21.79,13.8,,1.8
"2025-09-02 21:39:36",2231,1956,77891,0,,4.8,28.5,21.74,13.8,,1.8
"2025-09-02 21:39:37",2233,1958,77877,0,,4.45,46.1,21.73,13.8,,1.8
"2025-09-02 21:39:38",2234,1959,77864,-36.713347,-71.918877,2.85,61.4,21.75,13.8,,1.7
"2025-09-02 21:39:40",2238,1963,77831,0,,4.15,49.2,21.74,13.75,,1.7
"2025-09-02 21:39:41",2239,1964,77816,-36.71327,-71.918787,3.15,58.2,21.75,13.75,37.25,1.6
"2025-09-02 21:39:42",2241,1966,77804,0,,5.25,32.9,21.72,13.75,,1.6
"2025-09-02 21:39:43",2242,1967,77792,0,,3.7,48.1,21.74,13.75,,1.6
"2025-09-02 21:39:44",2243,1968,77780,-36.713195,-71.918697,3.05,52.8,21.77,13.75,,1.6
"2025-09-02 21:39:45",2245,1970,77763,0,,3,52.8,21.72,13.75,,1.6
"2025-09-02 21:39:46",2247,1972,77749,0,,3.6,35,21.71,13.75,,1.6
"2025-09-02 21:39:47",2248,1973,77736,-36.713115,-71.918605,3.15,45.1,21.71,13.75,,1.5
"2025-09-02 21:39:48",2249,1974,77730,0,,5.3,53.4,21.72,13.75,,1.5
"2025-09-02 21:39:49",2250,1975,77724,0,,3.9,26.8,21.76,13.7,,1.4
"2025-09-02 21:39:50",2250,1975,77718,-36.713033,-71.918513,3.45,43.3,21.73,13.7,,1.4
"2025-09-02 21:39:51",2253,1978,77693,0,,4.95,56.4,21.75,13.7,,1.5
"2025-09-02 21:39:52",2256,1981,77670,0,,4.3,22.8,21.79,13.7,,1.5
"2025-09-02 21:39:53",2258,1983,77648,-36.712952,-71.918422,3.5,45.8,21.73,13.7,,1.6
"2025-09-02 21:39:54",2260,1985,77632,0,,4.35,61.3,21.75,13.65,,1.6
"2025-09-02 21:39:55",2262,1987,77615,0,,3.75,18.2,21.79,13.65,,1.6
"2025-09-02 21:39:56",2264,1989,77598,-36.712877,-71.918337,3.6,44.6,21.76,13.65,,1.7
"2025-09-02 21:39:57",2266,1991,77582,0,,4.65,58.5,21.82,13.65,,1.7
"2025-09-02 21:39:58",2267,1992,77567,0,,3.05,20.5,21.79,13.6,,1.7
"2025-09-02 21:39:59",2269,1994,77552,-36.712805,-71.91825,4.25,45.5,21.77,13.6,,1.7
"2025-09-02 21:40:00",2271,1996,77534,0,,4.6,49.6,21.85,13.65,,1.8
"2025-09-02 21:40:01",2273,1998,77518,0,,2.55,25.2,21.8,13.65,,1.9
"2025-09-02 21:40:02",2275,2000,77502,-36.712732,-71.918163,4.35,47.5,21.77,13.6,,2
"2025-09-02 21:40:03",2276,2001,77490,0,,4.5,48.3,21.79,13.6,,2
"2025-09-02 21:40:04",2277,2002,77478,0,,2.25,36.5,21.75,13.6,,1.9
"2025-09-02 21:40:05",2279,2004,77466,-36.71266,-71.918073,4.8,46.1,21.75,13.6,,1.8
"2025-09-02 21:40:06",2280,2005,77455,0,,4.4,41.6,21.7,13.6,,1.7
"2025-09-02 21:40:07",2281,2006,77444,0,,2.1,51,21.66,13.6,,1.6
"2025-09-02 21:40:08",2282,2007,77434,-36.712583,-71.917987,4.95,36.9,21.65,13.6,37,1.6
"2025-09-02 21:40:11",2288,2013,77380,-36.712508,-71.917895,5.2,38.1,21.57,13.6,,1.6
"2025-09-02 21:40:12",2290,2015,77364,0,,3.95,41.2,21.53,13.65,,1.6
"2025-09-02 21:40:13",2292,2017,77349,0,,2.35,49.8,21.51,13.65,,1.6
"2025-09-02 21:40:14",2293,2018,77334,-36.712433,-71.917807,5.3,45,21.53,13.65,,1.6
"2025-09-02 21:40:15",2295,2020,77320,0,,3.85,36.4,21.51,13.65,,1.6
"2025-09-02 21:40:16",2296,2021,77307,0,,2.3,41.7,21.46,13.65,,1.6
"2025-09-02 21:40:17",2298,2023,77294,-36.71236,-71.91772,5,54,21.51,13.65,,1.6
"2025-09-02 21:40:18",2300,2025,77271,0,,4.05,30.9,21.47,13.65,,1.7
"2025-09-02 21:40:19",2303,2028,77249,0,,3,31.9,21.45,13.65,,1.8
"2025-09-02 21:40:20",2305,2030,77228,-36.712282,-71.917633,4.8,56.8,21.52,13.65,,1.9
"2025-09-02 21:40:21",2307,2032,77215,0,,4,28,21.54,13.65,,1.9
"2025-09-02 21:40:22",2308,2033,77202,0,,3,32.8,21.5,13.65,,1.8
"2025-09-02 21:40:23",2310,2035,77190,-36.712203,-71.917548,5,57.6,21.57,13.65,,1.8
"2025-09-02 21:40:24",2311,2036,77173,0,,3.8,20.4,21.53,13.65,,1.8
"2025-09-02 21:40:25",2313,2038,77156,0,,3.2,38.9,21.46,13.65,,1.8
"2025-09-02 21:40:26",2315,2040,77140,-36.712123,-71.917465,4.95,59.3,21.57,13.6,,1.8
"2025-09-02 21:40:27",2317,2042,77124,0,,3.1,19.8,21.5,13.6,,1.8
"2025-09-02 21:40:28",2318,2043,77110,0,,3.7,40.5,21.44,13.6,,1.8
"2025-09-02 21:40:29",2320,2045,77096,-36.712045,-71.917382,5.15,51,21.51,13.6,,1.8
"2025-09-02 21:40:30",2322,2047,77078,0,,2.45,24.5,21.43,13.65,,1.8
"2025-09-02 21:40:31",2324,2049,77061,0,,3.6,43.3,21.37,13.65,,1.8
"2025-09-02 21:40:32",2326,2051,77044,-36.71197,-71.917298,5.25,47.1,21.38,13.65,,1.7
"2025-09-02 21:40:33",2327,2052,77031,0,,2.25,35.4,21.34,13.6,,1.7
"2025-09-02 21:40:34",2329,2054,77018,0,,3.6,45.1,21.28,13.6,,1.7
"2025-09-02 21:40:35",2330,2055,77006,-36.711897,-71.917215,5.15,44.3,21.34,13.65,36.5,1.7
"2025-09-02 21:40:36",2332,2057,76991,0,,2.15,39.1,21.28,13.65,,1.7
"2025-09-02 21:40:37",2333,2058,76977,0,,3.4,45.1,21.23,13.7,,1.7
"2025-09-02 21:40:38",2335,2060,76964,-36.711827,-71.917133,5.25,42.8,21.27,13.7,,1.6
"2025-09-02 21:40:40",2339,2064,76929,0,,3.6,47.5,21.17,13.75,,1.7
"2025-09-02 21:40:41",2341,2066,76912,-36.711755,-71.917048,4.95,42.9,21.21,13.8,,1.7
"2025-09-02 21:40:42",2343,2068,76892,0,,2.05,40.3,21.16,13.8,,1.8
"2025-09-02 21:40:43",2345,2070,76871,0,,4.05,46.2,21.16,13.8,,1.8
"2025-09-02 21:40:44",2348,2073,76850,-36.711682,-71.916965,4.8,40.9,21.13,13.8,,1.8
"2025-09-02 21:40:45",2349,2074,76836,0,,,,21.09,13.8,,1.8
"2025-09-02 21:40:46",2351,2076,76822,0,,,,21.12,13.8,,1.8
"2025-09-02 21:40:47",2353,2078,76808,0,,,,21.12,13.85,,1.8
"2025-09-02 21:40:48",2354,2079,76793,0,,2.25,30.1,21.1,13.85,,1.8
"2025-09-02 21:40:49",2356,2081,76779,0,,4.4,51,21.11,13.85,,1.8
"2025-09-02 21:40:50",2357,2082,76766,-36.711535,-71.916795,4.2,41.1,21.12,13.85,,1.8
"2025-09-02 21:40:51",2359,2084,76747,0,,1.95,30.1,21.08,13.85,,1.9
"2025-09-02 21:40:52",2362,2087,76728,0,,4.6,48.4,21.12,13.85,,1.9
"2025-09-02 21:40:53",2364,2089,76710,-36.711463,-71.916718,3.95,37.4,21.08,13.85,,1.9
"2025-09-02 21:40:54",2365,2090,76695,0,,1.95,47.9,21.01,13.85,,1.8
"2025-09-02 21:40:55",2367,2092,76681,0,,1.95,47.9,21.03,13.9,,1.8
"2025-09-02 21:40:56",2368,2093,76668,-36.711395,-71.916643,3.55,36.7,20.95,13.9,,1.7
"2025-09-02 21:40:57",2370,2095,76653,0,,2.05,55,20.86,13.85,,1.7
"2025-09-02 21:40:58",2372,2097,76638,0,,5.15,37.8,20.86,13.9,,1.7
"2025-09-02 21:40:59",2373,2098,76624,-36.711322,-71.916563,3.45,42.9,20.86,13.9,,1.7
"2025-09-02 21:41:00",2375,2100,76609,0,,2.6,57.7,20.86,13.9,,1.7
"2025-09-02 21:41:01",2377,2102,76595,0,,4.75,29.5,20.86,13.9,,1.7
"2025-09-02 21:41:02",2378,2103,76582,-36.711248,-71.916485,3.45,48,20.84,13.95,36.25,1.7
"2025-09-02 21:41:03",2380,2105,76565,0,,2.85,55.2,20.84,13.9,,1.7
"2025-09-02 21:41:04",2382,2107,76548,0,,4.15,31.4,20.81,14,,1.7
"2025-09-02 21:41:05",2384,2109,76532,-36.71118,-71.9164,4,53.4,20.72,14,,1.7
"2025-09-02 21:41:06",2385,2110,76524,0,,3.05,49.2,20.68,14,,1.6
"2025-09-02 21:41:07",2385,2110,76517,0,,3.9,22,20.63,14,,1.5
"2025-09-02 21:41:08",2386,2111,76510,-36.711108,-71.91632,3.9,57,20.64,14.05,,1.5
"2025-09-02 21:41:11",2392,2117,76460,-36.71104,-71.916238,4.35,63.2,20.61,14.1,,1.5
"2025-09-02 21:41:12",2394,2119,76439,0,,3.15,40.3,20.63,14.15,,1.6
"2025-09-02 21:41:13",2396,2121,76419,0,,3.9,21.8,20.61,14.15,,1.7
"2025-09-02 21:41:14",2399,2124,76400,-36.71097,-71.91616,3.6,65.7,20.62,14.15,,1.7
"2025-09-02 21:41:15",2400,2125,76388,0,,3.5,46.2,20.6,14.15,,1.7
"2025-09-02 21:41:16",2401,2126,76377,0,,4.65,27.2,20.54,14.15,,1.6
"2025-09-02 21:41:17",2403,2128,76366,-36.710897,-71.91608,2.6,49.1,20.52,14.15,,1.6
"2025-09-02 21:41:18",2404,2129,76356,0,,3,45.5,20.49,14.15,,1.6
"2025-09-02 21:41:19",2404,2129,76348,0,,5.2,39,20.48,14.15,,1.6
"2025-09-02 21:41:20",2405,2130,76340,-36.710825,-71.916002,2.6,38.5,20.43,14.15,,1.6
"2025-09-02 21:41:21",2407,2132,76322,0,,2.9,39.3,20.42,14.2,,1.6
"2025-09-02 21:41:22",2410,2135,76304,0,,4.9,49.3,20.61,14.25,,1.7
"2025-09-02 21:41:23",2412,2137,76286,-36.710753,-71.915925,3,26.1,20.69,14.25,,1.6
"2025-09-02 21:41:24",2414,2139,76268,0,,2.8,36,20.64,14.2,,1.7
"2025-09-02 21:41:25",2416,2141,76250,0,,4.45,57.5,20.63,14.15,,1.7
"2025-09-02 21:41:26",2418,2143,76232,-36.710683,-71.91585,3.35,24.2,20.53,14.15,,1.6
"2025-09-02 21:41:27",2419,2144,76217,0,,3.05,32.9,20.48,14.15,,1.6
"2025-09-02 21:41:28",2421,2146,76203,0,,4.25,65.9,20.42,14.15,,1.6
"2025-09-02 21:41:29",2422,2147,76190,-36.710613,-71.915772,3.75,25.1,20.39,14.15,36.5,1.7
"2025-09-02 21:41:30",2424,2149,76173,0,,3.2,30.8,20.37,14.2,,1.7
"2025-09-02 21:41:31",2426,2151,76156,0,,3.8,66.5,20.31,14.2,,1.8
"2025-09-02 21:41:32",2428,2153,76140,-36.710543,-71.915693,4.15,30,20.24,14.2,,1.8
"2025-09-02 21:41:33",2430,2155,76125,0,,3.45,32.4,20.24,14.25,,1.9
"2025-09-02 21:41:34",2431,2156,76110,0,,3.25,67.3,20.25,14.25,,1.9
"2025-09-02 21:41:35",2433,2158,76096,-36.710473,-71.915617,4.3,28.7,20.18,14.25,,1.8
"2025-09-02 21:41:37",2436,2161,76070,0,,3.2,63.3,20.13,14.25,,1.7
"2025-09-02 21:41:38",2437,2162,76058,-36.710398,-71.91554,4.25,26.6,20.1,14.25,,1.6
"2025-09-02 21:41:41",2440,2165,76032,-36.710325,-71.915463,3.4,18.8,20.29,14.3,,1.5
"2025-09-02 21:41:43",2443,2168,76005,0,,3.9,60.4,20.29,14.25,,1.5
"2025-09-02 21:41:44",2445,2170,75992,-36.710257,-71.91539,2.65,16.3,20.25,14.25,,1.4
"2025-09-02 21:41:46",2450,2175,75944,0,,4.2,54,20.39,14.25,,1.6
"2025-09-02 21:41:47",2453,2178,75922,-36.710183,-71.915315,2.5,15.1,20.33,14.25,,1.7
"2025-09-02 21:41:49",2454,2179,75910,0,,4.95,46.4,20.13,14.2,,1.5
"2025-09-02 21:41:50",2455,2180,75904,-36.710108,-71.91524,2.15,30.2,20.04,14.2,,1.5
"2025-09-02 21:41:52",2460,2185,75857,0,,4.5,44.1,19.99,14.2,,1.6
"2025-09-02 21:41:53",2463,2188,75834,-36.710037,-71.915168,2,43.3,20.01,14.25,,1.7
"2025-09-02 21:41:54",2464,2189,75828,0,,3.85,36.2,20.01,14.25,,1.8
"2025-09-02 21:41:55",2464,2189,75822,0,,4.45,30.1,19.98,14.25,,1.7
"2025-09-02 21:41:56",2465,2190,75816,-36.709963,-71.915098,2.4,55.5,19.96,14.25,36.5,1.7
"2025-09-02 21:41:57",2467,2192,75795,0,,3.95,43.4,19.95,14.25,,1.7
"2025-09-02 21:41:58",2470,2195,75774,0,,4.5,22.4,19.89,14.25,,1.8
"2025-09-02 21:41:59",2472,2197,75754,-36.709887,-71.915022,2.95,54.4,19.88,14.25,,1.7
"2025-09-02 21:42:00",2473,2198,75744,0,,3.85,43,19.84,14.25,,1.6
"2025-09-02 21:42:01",2474,2199,75735,0,,4.1,17.9,19.83,14.3,,1.6
"2025-09-02 21:42:02",2475,2200,75726,-36.709807,-71.914947,4.1,51.7,19.8,14.3,,1.7
"2025-09-02 21:42:04",2476,2201,75719,0,,3.15,31.5,19.74,14.3,,1.3
"2025-09-02 21:42:05",2476,2201,75716,-36.709725,-71.914897,4.25,0.8,19.62,14.3,,1.1
"2025-09-02 21:42:06",2471,2196,75760,0,,3.3,12.4,19.5,14.35,,0.6
"2025-09-02 21:42:07",2466,2191,75807,0,,3.25,23.6,19.43,14.35,,0.1
"2025-09-02 21:42:08",2461,2186,75854,-36.709638,-71.914853,3.3,27.7,19.38,14.4,,-0.4
"2025-09-02 21:42:09",2453,2178,75922,0,,3.1,29.5,19.35,14.45,,-0.9
"2025-09-02 21:42:10",2445,2170,75990,0,,3.2,24.7,19.34,14.5,,-1.7
"2025-09-02 21:42:11",2437,2162,76058,-36.709557,-71.914797,3.8,14.2,19.34,14.55,,-2.5
"2025-09-02 21:42:12",2429,2154,76129,0,,4.25,26.7,19.36,14.6,,-3.6
"2025-09-02 21:42:13",2421,2146,76198,0,,3,22.3,19.38,14.6,,-4.4
"2025-09-02 21:42:14",2414,2139,76268,-36.709468,-71.914733,3.9,17.1,19.43,14.65,,-5.1
"2025-09-02 21:42:15",2405,2130,76339,0,,4,34.2,19.48,14.7,,-5.4
"2025-09-02 21:42:16",2397,2122,76412,0,,3.15,16,19.55,14.7,,-5.6
"2025-09-02 21:42:17",2389,2114,76486,-36.709387,-71.914652,4.35,30.5,19.6,14.7,,-6.7
"2025-09-02 21:42:18",2382,2107,76546,0,,3.85,37.5,19.66,14.7,,-7.3
"2025-09-02 21:42:19",2375,2100,76608,0,,3.2,41.1,19.72,14.7,,-7.4
"2025-09-02 21:42:20",2368,2093,76670,-36.709322,-71.914557,3.8,34.7,19.78,14.65,,-7.5
"2025-09-02 21:42:22",2352,2077,76809,0,,3.15,45.4,19.91,14.6,,-7.7
"2025-09-02 21:42:23",2345,2070,76878,-36.709252,-71.91447,4.3,37.3,19.96,14.55,36,-7.7
"2025-09-02 21:42:24",2337,2062,76945,0,,3.75,42.6,20.03,14.55,,-7.7
"2025-09-02 21:42:25",2329,2054,77015,0,,3.2,37.7,20.08,14.5,,-7.7
"2025-09-02 21:42:26",2321,2046,77086,-36.709175,-71.914383,4.2,41.3,20.14,14.45,,-7.7
"2025-09-02 21:42:27",2314,2039,77149,0,,4,46,20.2,14.5,,-7.6
"2025-09-02 21:42:28",2307,2032,77211,0,,3.7,38.7,20.27,14.45,,-7.5
"2025-09-02 21:42:29",2300,2025,77274,-36.709097,-71.914297,3.85,33.1,20.34,14.45,,-7.4
"2025-09-02 21:42:30",2293,2018,77333,0,,4.25,40.5,20.41,14.45,,-7.4
"2025-09-02 21:42:31",2287,2012,77393,0,,3.7,44.1,20.47,14.4,,-7.3
"2025-09-02 21:42:32",2280,2005,77454,-36.709018,-71.91421,3.4,38.5,20.54,14.4,,-7.3
"2025-09-02 21:42:33",2272,1997,77525,0,,3.35,37.7,20.62,14.45,,-7.4
"2025-09-02 21:42:34",2264,1989,77598,0,,4.15,35.1,20.69,14.4,,-7.4
"2025-09-02 21:42:35",2255,1980,77672,-36.70894,-71.914133,3.5,39,20.77,14.4,,-7.5
"2025-09-02 21:42:36",2249,1974,77733,0,,4.45,42.3,20.84,14.35,,-7.4
"2025-09-02 21:42:37",2242,1967,77795,0,,4.45,42.3,20.86,14.35,,-7.3
"2025-09-02 21:42:38",2235,1960,77858,-36.708858,-71.914048,3.85,38.3,20.86,14.35,,-7.3
"2025-09-02 21:42:39",2227,1952,77926,0,,3.85,51,20.86,14.35,,-7.3
"2025-09-02 21:42:40",2219,1944,77996,0,,4.7,36.9,20.98,14.35,,-7.3
"2025-09-02 21:42:41",2212,1937,78066,-36.708775,-71.913952,4.3,39.6,21.05,14.35,,-7.4
"2025-09-02 21:42:42",2205,1930,78126,0,,3.8,50.9,21.13,14.35,,-7.3
"2025-09-02 21:42:43",2198,1923,78185,0,,5.65,29.8,21.16,14.35,,-7.3
"2025-09-02 21:42:44",2192,1917,78244,-36.708678,-71.913857,4.35,35.5,21.21,14.35,,-7.3
"2025-09-02 21:42:45",2185,1910,78303,0,,5.1,38.4,21.26,14.35,,-7.3
"2025-09-02 21:42:46",2178,1903,78363,0,,4.55,38.9,21.31,14.35,,-7.2
"2025-09-02 21:42:47",2172,1897,78424,-36.708577,-71.913752,5.4,41.9,21.36,14.35,,-7.1
"2025-09-02 21:42:48",2164,1889,78491,0,,4.85,41.8,21.43,14.35,,-7
"2025-09-02 21:42:49",2157,1882,78557,0,,5.15,36,21.45,14.4,,-7.1
"2025-09-02 21:42:50",2150,1875,78624,-36.708472,-71.913637,5.45,45.3,21.46,14.45,36.25,-7.1
"2025-09-02 21:42:52",2135,1860,78752,0,,5.6,55.1,21.52,14.5,,-7
"2025-09-02 21:42:53",2128,1853,78818,-36.708393,-71.91349,4.95,58,21.56,14.5,,-7
"2025-09-02 21:42:54",2120,1845,78890,0,,4.75,65.8,21.61,14.5,,-7
"2025-09-02 21:42:55",2112,1837,78962,0,,5.4,57,21.69,14.5,,-7.1
"2025-09-02 21:42:56",2104,1829,79034,-36.70832,-71.913347,5.15,45.3,21.72,14.5,,-7.2
"2025-09-02 21:42:57",2097,1822,79100,0,,5.55,56.5,21.76,14.55,,-7.3
"2025-09-02 21:42:58",2090,1815,79166,0,,5.65,49.6,21.8,14.5,,-7.4
"2025-09-02 21:42:59",2082,1807,79232,-36.708228,-71.913198,5.65,55.1,21.86,14.5,,-7.4
"2025-09-02 21:43:00",2076,1801,79295,0,,5.9,48.3,21.91,14.45,,-7.4
"2025-09-02 21:43:01",2069,1794,79356,0,,5.1,51.4,21.97,14.45,,-7.3
"2025-09-02 21:43:02",2062,1787,79418,-36.708137,-71.913047,5.4,57.1,22.03,14.45,,-7.3
"2025-09-02 21:43:03",2055,1780,79477,0,,6.15,55,22.11,14.45,,-7.2
"2025-09-02 21:43:04",2049,1774,79537,0,,6.1,57.7,22.2,14.45,,-7.2
"2025-09-02 21:43:05",2042,1767,79598,-36.708047,-71.912883,5.2,54.4,22.25,14.4,,-7.1
"2025-09-02 21:43:06",2036,1761,79658,0,,,,22.3,14.4,,-7.1
"2025-09-02 21:43:07",2029,1754,79720,0,,,,22.35,14.4,,-7
"2025-09-02 21:43:08",2022,1747,79782,0,,,,22.42,14.4,,-6.9
"2025-09-02 21:43:09",2015,1740,79848,0,,5.75,53.9,22.48,14.4,,-6.8
"2025-09-02 21:43:10",2008,1733,79912,0,,5.95,49.6,22.53,14.4,,-6.8
"2025-09-02 21:43:11",2001,1726,79976,-36.707848,-71.912578,5.3,56.5,22.6,14.45,,-6.8
"2025-09-02 21:43:12",1993,1718,80049,0,,5.8,55.7,22.69,14.45,,-6.9
"2025-09-02 21:43:13",1985,1710,80119,0,,5.5,48.9,22.71,14.45,,-6.9
"2025-09-02 21:43:14",1977,1702,80190,-36.70776,-71.912428,5.6,56.1,22.76,14.5,,-7
"2025-09-02 21:43:15",1972,1697,80241,0,,5.3,50.1,22.83,14.65,,-6.9
"2025-09-02 21:43:16",1966,1691,80293,0,,6.05,49.4,22.88,14.75,,-6.9
"2025-09-02 21:43:17",1960,1685,80346,-36.707668,-71.912282,5.05,51,22.91,14.85,36.5,-6.8
"2025-09-02 21:43:18",1953,1678,80410,0,,5.15,43.7,22.94,15.05,,-6.8
"2025-09-02 21:43:19",1946,1671,80478,0,,4.5,47.7,22.92,15.25,,-6.9
"2025-09-02 21:43:20",1939,1664,80546,-36.707577,-71.91216,5.35,45.4,22.91,15.4,,-6.9
"2025-09-02 21:43:22",1926,1651,80659,0,,5.05,48.7,22.91,15.7,,-6.8
"2025-09-02 21:43:23",1920,1645,80716,-36.707485,-71.912038,4.75,45.9,22.93,15.7,,-6.8
"2025-09-02 21:43:24",1914,1639,80774,0,,5.95,45.6,22.95,15.7,,-6.7
"2025-09-02 21:43:25",1908,1633,80832,0,,5.5,53.1,23,15.8,,-6.6
"2025-09-02 21:43:26",1901,1626,80890,-36.707378,-71.911895,6.55,44.2,23.03,15.8,,-6.5
"2025-09-02 21:43:27",1894,1619,80957,0,,5.9,46.4,23.08,15.8,,-6.4
"2025-09-02 21:43:28",1887,1612,81023,0,,7.05,40.7,23.13,15.85,,-6.6
"2025-09-02 21:43:29",1880,1605,81090,-36.70725,-71.911742,7.05,44.8,23.18,15.85,,-6.7
"2025-09-02 21:43:30",1874,1599,81143,0,,6.8,42.5,23.24,15.85,,-6.6
"2025-09-02 21:43:31",1868,1593,81194,0,,7.15,46.7,23.32,15.9,,-6.4
"2025-09-02 21:43:32",1863,1588,81246,-36.707117,-71.911575,7,46.8,23.37,15.9,,-6.3
"2025-09-02 21:43:33",1857,1582,81300,0,,7.45,41.3,23.45,15.95,,-6.3
"2025-09-02 21:43:34",1851,1576,81355,0,,7.3,43.7,23.52,15.95,,-6.2
"2025-09-02 21:43:35",1845,1570,81410,-36.706977,-71.91141,6.3,46.2,23.57,16,,-6.2
"2025-09-02 21:43:36",1840,1565,81458,0,,6.9,42.9,23.61,16.1,,-6.2
"2025-09-02 21:43:37",1834,1559,81510,0,,7.9,44.5,23.66,16.15,,-6.1
"2025-09-02 21:43:38",1829,1554,81562,-36.706835,-71.911243,7.5,42.5,23.66,16.25,,-6.1
"2025-09-02 21:43:39",1823,1548,81618,0,,8.15,43.3,23.66,16.4,,-5.9
"2025-09-02 21:43:40",1817,1542,81672,0,,7.7,50.2,23.75,16.45,,-5.8
"2025-09-02 21:43:41",1811,1536,81726,-36.706687,-71.911053,8.25,46.9,23.75,16.55,,-5.7
"2025-09-02 21:43:43",1798,1523,81847,0,,7.5,52.3,23.81,16.6,,-5.8
"2025-09-02 21:43:44",1792,1517,81908,-36.706558,-71.910852,7.7,52.4,23.88,16.4,36.75,-5.9
"2025-09-02 21:43:45",1787,1512,81952,0,,7.2,42.4,23.95,16.15,,-5.9
"2025-09-02 21:43:46",1782,1507,81998,0,,7.5,45.2,24.04,15.95,,-5.8
"2025-09-02 21:43:47",1777,1502,82044,-36.706418,-71.910678,7,39.2,24.11,15.75,,-5.7
"2025-09-02 21:43:48",1772,1497,82096,0,,8.15,40.7,24.16,15.55,,-5.7
"2025-09-02 21:43:49",1766,1491,82150,0,,7.2,42.7,24.22,15.45,,-5.7
"2025-09-02 21:43:50",1760,1485,82204,-36.70626,-71.910507,8.3,40.6,24.27,15.35,,-5.7
"2025-09-02 21:43:52",1748,1473,82320,0,,8.25,35.3,24.39,15.1,,-5.8
"2025-09-02 21:43:53",1742,1467,82378,-36.706088,-71.910348,7.85,32.5,24.41,15.15,,-5.8
"2025-09-02 21:43:54",1736,1461,82434,0,,8.5,28.4,24.42,15.2,,-5.8
"2025-09-02 21:43:55",1729,1454,82491,0,,8.05,29.1,24.43,15.25,,-5.7
"2025-09-02 21:43:56",1723,1448,82548,-36.70589,-71.910212,8.65,28.6,24.46,15.3,,-5.7
"2025-09-02 21:43:57",1717,1442,82610,0,,8.05,32.8,24.48,15.35,,-5.8
"2025-09-02 21:43:58",1710,1435,82672,0,,8.55,25.1,24.51,15.4,,-6
"2025-09-02 21:43:59",1704,1429,82734,-36.705685,-71.910083,9,19.5,24.56,15.45,,-6.1
"2025-09-02 21:44:00",1698,1423,82787,0,,8.45,25.1,24.58,15.5,,-6.1
"2025-09-02 21:44:01",1692,1417,82841,0,,8.05,29.8,24.58,15.55,,-6.1
"2025-09-02 21:44:02",1687,1412,82896,-36.705483,-71.90996,8.05,24.1,24.6,15.6,,-6.1
"2025-09-02 21:44:03",1680,1405,82954,0,,8.7,26.9,24.6,15.65,,-6.1
"2025-09-02 21:44:04",1674,1399,83014,0,,8.45,27.5,24.66,15.65,,-6.1
"2025-09-02 21:44:05",1668,1393,83074,-36.705272,-71.909837,8.65,20.1,24.68,15.65,,-6.2
"2025-09-02 21:44:06",1661,1386,83135,0,,8.9,23,24.7,15.7,,-6.2
"2025-09-02 21:44:07",1655,1380,83192,0,,9.15,27.2,24.74,15.75,,-6.2
"2025-09-02 21:44:08",1649,1374,83250,-36.705048,-71.909708,9.3,27.6,24.76,15.75,,-6.2
"2025-09-02 21:44:09",1643,1368,83305,0,,9.1,28.2,24.79,15.75,,-6.2
"2025-09-02 21:44:10",1637,1362,83362,0,,8.7,28,24.82,15.8,,-6.1
"2025-09-02 21:44:11",1631,1356,83420,-36.704832,-71.909567,9.35,25.3,24.85,15.8,36.5,-6.1
"2025-09-02 21:44:12",1626,1351,83473,0,,8.15,26.1,24.89,15.75,,-6
"2025-09-02 21:44:13",1620,1345,83527,0,,8.7,29.7,24.9,15.8,,-6
"2025-09-02 21:44:14",1614,1339,83582,-36.704625,-71.90943,9.05,31.1,24.92,15.8,,-6
"2025-09-02 21:44:15",1609,1334,83637,0,,8.35,29.6,24.94,15.9,,-6
"2025-09-02 21:44:16",1603,1328,83692,0,,8.85,31,24.95,15.95,,-5.9
"2025-09-02 21:44:17",1597,1322,83748,-36.70442,-71.909278,9,31.9,24.96,16.05,,-5.9
"2025-09-02 21:44:18",1591,1316,83807,0,,8.1,32.2,24.97,16.15,,-5.9
"2025-09-02 21:44:19",1585,1310,83865,0,,9,31.8,24.97,16.3,,-5.9
"2025-09-02 21:44:20",1578,1303,83924,-36.704222,-71.909125,8.25,30.9,24.97,16.45,,-5.9
"2025-09-02 21:44:22",1565,1290,84053,0,,8.45,31.8,24.99,16.8,,-6
"2025-09-02 21:44:23",1558,1283,84118,-36.704017,-71.90897,9.15,28.5,25.01,16.9,,-6.1
"2025-09-02 21:44:24",1551,1276,84181,0,,8.65,26.4,25.05,17.05,,-6.2
"2025-09-02 21:44:25",1545,1270,84246,0,,7.8,23.1,25.09,17.3,,-6.2
"2025-09-02 21:44:26",1538,1263,84312,-36.703815,-71.908847,7.25,25.7,25.14,17.6,,-6.3
"2025-09-02 21:44:27",1531,1256,84376,0,,7.9,26.3,25.2,17.75,,-6.4
"2025-09-02 21:44:28",1525,1250,84439,0,,8.2,22.5,25.27,17.9,,-6.5
"2025-09-02 21:44:29",1518,1243,84502,-36.703618,-71.908737,7.55,26.3,25.34,18.2,,-6.6
"2025-09-02 21:44:30",1512,1237,84556,0,,7.55,36.2,25.4,18.45,,-6.5
"2025-09-02 21:44:31",1506,1231,84613,0,,7.5,27.4,25.48,18.65,,-6.5
"2025-09-02 21:44:32",1501,1226,84670,-36.703442,-71.908607,7.4,32.1,25.53,18.95,,-6.5
"2025-09-02 21:44:33",1495,1220,84727,0,,6.95,26.4,25.58,19.3,,-6.5
"2025-09-02 21:44:34",1489,1214,84783,0,,7.75,31.5,25.59,19.85,,-6.3
"2025-09-02 21:44:35",1483,1208,84840,-36.703267,-71.908483,7,29.3,25.53,20.9,,-6.3
"2025-09-02 21:44:36",1477,1202,84897,0,,7.9,30.8,25.49,22,,-6.3
"2025-09-02 21:44:37",1471,1196,84956,0,,7,27.8,25.42,22.95,,-6.2
"2025-09-02 21:44:38",1465,1190,85016,-36.703088,-71.908358,7.7,31.8,25.38,23.6,35.5,-6.2
"2025-09-02 21:44:39",1458,1183,85074,0,,7.35,28.6,25.34,24.15,,-6.1
"2025-09-02 21:44:40",1453,1178,85132,0,,7.7,30.2,25.34,24.6,,-6.1
"2025-09-02 21:44:41",1447,1172,85190,-36.702907,-71.908232,7.8,27.4,25.34,24.95,,-6
"2025-09-02 21:44:43",1434,1159,85314,0,,7.65,32.2,25.34,25.4,,-6.1
"2025-09-02 21:44:44",1427,1152,85376,-36.702728,-71.908103,7.6,27.1,25.38,25.5,,-6.1
"2025-09-02 21:44:45",1421,1146,85433,0,,6.8,28.4,25.41,25.55,,-6.1
"2025-09-02 21:44:46",1415,1140,85492,0,,7.45,26.7,25.44,25.55,,-6.1
"2025-09-02 21:44:47",1409,1134,85552,-36.702553,-71.907988,7,32.2,25.49,25.5,,-6.1
"2025-09-02 21:44:48",1403,1128,85613,0,,7.2,28.2,25.52,25.5,,-6.2
"2025-09-02 21:44:49",1397,1122,85671,0,,6.8,29.4,25.55,25.55,,-6.1
"2025-09-02 21:44:50",1391,1116,85730,-36.70239,-71.907877,5.95,27.8,25.59,25.55,,-6.1
"2025-09-02 21:44:52",1377,1102,85858,0,,5.8,26.8,25.65,25.55,,-6.3
"2025-09-02 21:44:53",1371,1096,85924,-36.702235,-71.90778,6.25,26.4,25.65,25.65,,-6.3
"2025-09-02 21:44:54",1364,1089,85989,0,,5.85,29.8,25.66,25.75,,-6.4
"2025-09-02 21:44:55",1357,1082,86056,0,,6.1,22.1,25.66,25.85,,-6.4
"2025-09-02 21:44:56",1350,1075,86124,-36.702097,-71.907693,4.9,28.6,25.69,25.8,,-6.4
"2025-09-02 21:44:57",1343,1068,86193,0,,5.55,24.5,25.71,25.75,,-6.5
"2025-09-02 21:44:58",1336,1061,86261,0,,5.5,34,25.75,25.8,,-6.6
"2025-09-02 21:44:59",1329,1054,86330,-36.701975,-71.907607,4.6,31.4,25.79,25.85,,-6.7
"2025-09-02 21:45:00",1322,1047,86396,0,,5.8,34.3,25.84,25.8,,-6.7
"2025-09-02 21:45:01",1315,1040,86463,0,,4.7,28.9,25.89,25.5,,-6.7
"2025-09-02 21:45:02",1308,1033,86530,-36.701858,-71.907512,5.2,32,25.96,25.25,,-6.8
"2025-09-02 21:45:04",1294,1019,86666,0,,4.85,33.9,26.06,25,,-6.9
"2025-09-02 21:45:05",1287,1012,86736,-36.701743,-71.907432,5.05,24.3,26.13,25.05,34.5,-6.9
"2025-09-02 21:45:06",1281,1006,86803,0,,5,24.3,26.18,25.1,,-6.9
"2025-09-02 21:45:07",1274,999,86867,0,,4.7,27.4,26.26,25.1,,-6.9
"2025-09-02 21:45:08",1267,992,86932,-36.701625,-71.90736,5.3,17,26.33,25.1,,-6.9
"2025-09-02 21:45:09",1261,986,86996,0,,4.25,31.5,26.45,25.3,,-6.8
"2025-09-02 21:45:10",1254,979,87060,0,,4.9,29.3,26.46,25.5,,-6.8
"2025-09-02 21:45:11",1248,973,87124,-36.701512,-71.907283,5.4,29.6,26.46,25.6,,-6.7
"2025-09-02 21:45:12",1241,966,87186,0,,4.7,28,26.46,25.8,,-6.7
"2025-09-02 21:45:13",1235,960,87252,0,,4.75,34.4,26.47,25.95,,-6.7
"2025-09-02 21:45:14",1228,953,87318,-36.7014,-71.9072,5,33,26.56,26,,-6.7
"2025-09-02 21:45:15",1222,947,87377,0,,4.05,37.4,26.62,25.95,,-6.7
"2025-09-02 21:45:16",1216,941,87437,0,,4.2,45.4,26.68,25.75,,-6.5
"2025-09-02 21:45:17",1210,935,87498,-36.701308,-71.907102,5.3,37.8,26.74,25.6,,-6.5
"2025-09-02 21:45:18",1204,929,87553,0,,4,37,26.8,25.45,,-6.4
"2025-09-02 21:45:19",1199,924,87607,0,,3.85,40.2,26.88,25.4,,-6.3
"2025-09-02 21:45:20",1193,918,87662,-36.701215,-71.907017,4.85,22.9,26.93,25.3,,-6.2
"2025-09-02 21:45:22",1181,906,87777,0,,4,29.7,27.06,25.1,,-6.1
"2025-09-02 21:45:23",1175,900,87836,-36.701122,-71.906948,3.2,36,27.12,25,,-6.1
"2025-09-02 21:45:24",1169,894,87902,0,,3.8,26.6,27.17,25.05,,-6
"2025-09-02 21:45:25",1162,887,87965,0,,3.1,28.6,27.2,25.35,,-6
"2025-09-02 21:45:26",1156,881,88028,-36.701042,-71.906887,3.8,37.4,27.24,25.6,,-6
"2025-09-02 21:45:27",1150,875,88088,0,,4.05,26.6,27.28,25.8,,-6
"2025-09-02 21:45:28",1143,868,88152,0,,3.45,38.6,27.32,25.9,,-6
"2025-09-02 21:45:29",1137,862,88216,-36.70096,-71.906818,3.55,32.6,27.37,26,,-6
"2025-09-02 21:45:30",1130,855,88282,0,,3.15,36.4,27.42,26,,-6.1
"2025-09-02 21:45:31",1123,848,88351,0,,3.8,34.5,27.48,25.95,,-6.2
"2025-09-02 21:45:32",1116,841,88420,-36.700882,-71.90675,3.7,26,27.57,25.75,34,-6.3
"2025-09-02 21:45:33",1109,834,88491,0,,3.65,26,27.62,25.6,,-6.5
"2025-09-02 21:45:34",1102,827,88560,0,,3.65,27.2,27.71,25.35,,-6.6
"2025-09-02 21:45:35",1095,820,88630,-36.700792,-71.906682,4.15,39,27.78,25.1,,-6.7
"2025-09-02 21:45:36",1089,814,88696,0,,5.5,35.6,27.86,24.85,,-6.7
"2025-09-02 21:45:37",1082,807,88764,0,,4.55,29.6,27.92,24.65,,-6.7
"2025-09-02 21:45:38",1075,800,88832,-36.700682,-71.906592,4.85,27.1,28,24.45,,-6.7
"2025-09-02 21:45:39",1067,792,88907,0,,4.1,26.1,28.07,24.6,,-6.9
"2025-09-02 21:45:40",1060,785,88980,0,,3.75,23.6,28.13,24.85,,-6.9
"2025-09-02 21:45:41",1053,778,89054,-36.700582,-71.906525,4.65,31.9,28.2,24.85,,-7
"2025-09-02 21:45:42",1046,771,89121,0,,3.6,28.9,28.26,24.85,,-7
"2025-09-02 21:45:43",1039,764,89191,0,,4.65,33.2,28.33,24.9,,-7
"2025-09-02 21:45:44",1032,757,89262,-36.700483,-71.90645,4.3,30,28.38,25,,-7
"2025-09-02 21:45:45",1025,750,89334,0,,4.1,41.4,28.45,25,,-7
"2025-09-02 21:45:46",1018,743,89405,0,,4.95,35.6,28.52,24.75,,-7.1
"2025-09-02 21:45:47",1011,736,89476,-36.700378,-71.906365,5.1,19.4,28.61,24.75,,-7.1
"2025-09-02 21:45:48",1003,728,89548,0,,4.95,26.1,28.68,24.65,,-7.1
"2025-09-02 21:45:49",996,721,89622,0,,4.25,30,28.76,24.55,,-7.1
"2025-09-02 21:45:50",989,714,89696,-36.700268,-71.906292,4.15,29.5,28.83,24.45,,-7.2
"2025-09-02 21:45:52",974,699,89844,0,,4.3,29.9,28.97,24.25,,-7.2
"2025-09-02 21:45:53",966,691,89920,-36.700163,-71.906217,4.8,30.9,29.05,24.15,,-7.2
"2025-09-02 21:45:54",959,684,89993,0,,4.85,30.9,29.12,24.05,,-7.2
"2025-09-02 21:45:55",952,677,90066,0,,4.35,28,29.21,23.9,,-7.3
"2025-09-02 21:45:56",944,669,90140,-36.700058,-71.90614,4.7,33.4,29.28,23.85,,-7.3
"2025-09-02 21:45:58",930,655,90283,0,,4.85,29.5,29.42,23.8,,-7.3
"2025-09-02 21:45:59",923,648,90354,-36.699942,-71.906055,5.15,22.9,29.49,23.8,34.25,-7.3
"2025-09-02 21:46:00",916,641,90425,0,,4.15,26.4,29.55,23.75,,-7.3
"2025-09-02 21:46:01",909,634,90495,0,,4.15,26.7,29.61,23.65,,-7.2
"2025-09-02 21:46:02",902,627,90566,-36.69983,-71.905992,4.9,18.5,29.67,23.6,,-7.2
"2025-09-02 21:46:03",895,620,90641,0,,5.45,32.8,29.73,23.5,,-7.2
"2025-09-02 21:46:04",887,612,90718,0,,5.2,30.6,29.79,23.55,,-7.2
"2025-09-02 21:46:05",879,604,90796,-36.699703,-71.905905,5.3,32.3,29.84,23.6,,-7.2
"2025-09-02 21:46:06",872,597,90870,0,,5.8,27,29.9,23.7,,-7.2
"2025-09-02 21:46:07",865,590,90945,0,,5.25,30.6,29.96,23.8,,-7.2
"2025-09-02 21:46:08",857,582,91020,-36.699568,-71.905815,5.55,22.3,30.01,23.8,,-7.2
"2025-09-02 21:46:09",850,575,91097,0,,5.95,28.3,30.08,23.85,,-7.3
"2025-09-02 21:46:10",842,567,91173,0,,5.55,25.7,30.14,23.85,,-7.3
"2025-09-02 21:46:11",835,560,91250,-36.699423,-71.905728,6.15,24.7,30.2,23.85,,-7.4
"2025-09-02 21:46:12",827,552,91324,0,,5.4,29.9,30.2,23.95,,-7.4
"2025-09-02 21:46:13",820,545,91403,0,,6.45,27.3,30.27,23.95,,-7.4
"2025-09-02 21:46:14",812,537,91482,-36.699282,-71.905635,5.7,28.1,30.33,23.85,,-7.5
"2025-09-02 21:46:15",804,529,91562,0,,6.15,27.6,30.38,23.85,,-7.6
"2025-09-02 21:46:16",796,521,91641,0,,6.6,34.3,30.44,23.85,,-7.6
"2025-09-02 21:46:17",789,514,91720,-36.699137,-71.90553,5.6,29.5,30.51,23.85,,-7.6
"2025-09-02 21:46:18",780,505,91803,0,,6.1,30.5,30.57,23.8,,-7.6
"2025-09-02 21:46:19",772,497,91885,0,,5.8,26.7,30.67,23.75,,-7.7
"2025-09-02 21:46:20",764,489,91968,-36.698998,-71.905433,5.45,24.9,30.71,23.75,,-7.8
"2025-09-02 21:46:22",749,474,92124,0,,5.5,24.5,30.85,23.7,,-7.8
"2025-09-02 21:46:23",741,466,92204,-36.698857,-71.90535,5.95,28.8,30.92,23.65,,-7.8
"2025-09-02 21:46:24",733,458,92285,0,,6.05,21.6,30.97,23.6,,-7.8
"2025-09-02 21:46:25",726,451,92364,0,,6,28.7,31.04,23.6,,-7.8
"2025-09-02 21:46:26",718,443,92444,-36.698708,-71.905262,6.35,27.1,31.12,23.6,34.75,-7.8
"2025-09-02 21:46:28",703,428,92600,0,,6.55,24.5,31.23,23.5,,-7.8
"2025-09-02 21:46:29",695,420,92678,-36.698557,-71.905172,5.7,20.3,31.31,23.45,,-7.8
"2025-09-02 21:46:30",687,412,92754,0,,6.5,23,31.36,23.5,,-7.8
"2025-09-02 21:46:31",680,405,92833,0,,5.85,21.1,31.46,23.45,,-7.8
"2025-09-02 21:46:32",672,397,92912,-36.698402,-71.905095,6.55,20.3,31.51,23.45,,-7.7
"2025-09-02 21:46:33",664,389,92992,0,,5.55,27.7,31.6,23.4,,-7.7
"2025-09-02 21:46:34",657,382,93068,0,,6.4,26.3,31.68,23.3,,-7.6
"2025-09-02 21:46:35",650,375,93144,-36.698252,-71.905008,6.25,21.1,31.75,23.25,,-7.6
"2025-09-02 21:46:36",642,367,93219,0,,6.15,29.2,31.81,23.2,,-7.6
"2025-09-02 21:46:37",635,360,93297,0,,6.4,25.8,31.9,23.2,,-7.6
"2025-09-02 21:46:38",627,352,93376,-36.6981,-71.904915,6,29.9,31.97,23.15,,-7.5
"2025-09-02 21:46:39",620,345,93451,0,,6.7,24.4,32.07,23.05,,-7.5
"2025-09-02 21:46:40",613,338,93526,0,,6.2,31,32.09,23.05,,-7.5
"2025-09-02 21:46:41",605,330,93602,-36.697948,-71.904818,5.8,22.6,32.09,23,,-7.5
"2025-09-02 21:46:45",576,301,93904,0,,5.35,37.2,32.41,22.8,,-7.4
"2025-09-02 21:46:46",569,294,93980,0,,5.65,37.3,32.47,22.8,,-7.4
"2025-09-02 21:46:47",561,286,94056,-36.697693,-71.904618,5.55,35.6,32.53,22.75,,-7.4
"2025-09-02 21:46:52",524,249,94439,0,,6.8,35.6,32.84,22.55,,-7.3
"2025-09-02 21:46:53",517,242,94516,-36.69741,-71.904368,6.9,34.3,32.9,22.45,35.5,-7.3
"2025-09-02 21:46:54",510,235,94591,0,,6.45,35.5,32.96,22.45,,-7.3
"2025-09-02 21:46:55",502,227,94667,0,,7.25,34.4,33.01,22.4,,-7.3
"2025-09-02 21:46:56",495,220,94744,-36.697262,-71.904237,6.6,35.9,33.09,22.4,,-7.3
"2025-09-02 21:46:57",488,213,94823,0,,6.65,29.2,33.16,22.35,,-7.4
"2025-09-02 21:46:58",480,205,94905,0,,7.1,32,33.22,22.3,,-7.4
"2025-09-02 21:46:59",472,197,94988,-36.697108,-71.904113,6.6,35.4,33.28,22.25,,-7.5
"2025-09-02 21:47:00",465,190,95060,0,,7.3,31.5,33.35,22.25,,-7.4
"2025-09-02 21:47:01",458,183,95132,0,,6.55,35,33.43,22.25,,-7.4
"2025-09-02 21:47:02",451,176,95204,-36.696957,-71.903985,7.1,35.8,33.49,22.2,,-7.4
"2025-09-02 21:47:03",444,169,95281,0,,6.7,32.8,33.56,22.25,,-7.3
"2025-09-02 21:47:04",437,162,95355,0,,6.9,37.2,33.62,22.3,,-7.3
"2025-09-02 21:47:05",430,155,95430,-36.69681,-71.903853,6.3,34.7,33.68,22.3,,-7.3
"2025-09-02 21:47:06",423,148,95502,0,,7.1,36.2,33.73,22.3,,-7.3
"2025-09-02 21:47:07",415,140,95578,0,,6.15,38.9,33.8,22.25,,-7.3
"2025-09-02 21:47:08",408,133,95654,-36.696668,-71.903717,6.9,34.2,33.86,22.25,,-7.3
"2025-09-02 21:47:09",401,126,95732,0,,5.75,34.8,33.94,22.2,,-7.2
"2025-09-02 21:47:10",393,118,95809,0,,6.7,27.6,33.96,22.15,,-7.2
"2025-09-02 21:47:11",386,111,95886,-36.696527,-71.90361,5.7,28.3,34.04,22.15,,-7.1
"2025-09-02 21:47:12",379,104,95960,0,,6.4,25.3,34.11,22.1,,-7.1
"2025-09-02 21:47:13",372,97,96033,0,,5.3,22.8,34.18,22.1,,-7.1
"2025-09-02 21:47:14",365,90,96106,-36.696387,-71.903525,5.55,27.8,34.21,22.2,,-7.1
"2025-09-02 23:09:23",286,11,96940,0,,,,23.16,78.25,,
"2025-09-02 23:09:29",274,0,97076,0,,,,23.14,77.9,,
"2025-09-02 23:09:35",274,0,97072,0,,,,23.13,77.15,,-1
"2025-09-02 23:09:41",274,0,97074,0,,,,23.13,77.4,,0
"2025-09-02 23:09:47",274,0,97074,0,,,,23.14,76.8,,0
"2025-09-02 23:09:53",274,0,97076,0,,,,23.08,75.05,23.75,0
"2025-09-02 23:10:00",274,0,97076,0,,,,23.08,76.3,,0
"2025-09-02 23:10:06",274,0,97074,0,,,,23.08,77.15,,0
"2025-09-02 23:10:12",274,0,97074,0,,,,23.08,77.1,,0
"2025-09-02 23:10:18",273,-1,97078,0,,,,23.04,75.25,,0
"2025-09-02 23:10:24",273,-1,97078,0,,,,22.99,74.35,,0
"2025-09-02 23:10:30",273,-1,97078,0,,,,22.94,74.65,,0
"2025-09-02 23:10:36",273,-1,97078,0,,,,22.94,75.35,,0
"2025-09-02 23:10:42",273,-1,97078,0,,,,22.95,76.15,,0
"2025-09-02 23:10:48",274,0,97074,0,,,,22.98,75.95,24,0
"2025-09-02 23:10:54",273,-1,97080,0,,,,22.97,76.3,,0
"2025-09-02 23:11:00",273,-1,97078,0,,,,22.95,75.3,,0
"2025-09-02 23:11:06",274,0,97076,0,,,,22.97,75.4,,0
"2025-09-02 23:11:12",273,-1,97078,0,,,,22.98,75.55,,0
"2025-09-02 23:11:18",274,0,97074,0,,,,22.97,76.3,,0
"2025-09-02 23:11:24",274,0,97074,0,,,,22.94,75.9,,0
"2025-09-02 23:11:30",274,0,97076,0,,,,22.92,76.3,,0
"2025-09-02 23:11:36",273,-1,97080,0,,,,22.9,76.4,,0
"2025-09-02 23:11:42",274,0,97074,0,,,,22.87,74.9,24,0
"2025-09-02 23:11:48",273,-1,97078,0,,,,22.85,74.35,,0
"2025-09-02 23:11:54",274,0,97072,0,,,,22.86,75.7,,0
"2025-09-02 23:12:00",274,0,97074,0,,,,22.86,74.95,,0
"2025-09-02 23:12:07",274,0,97074,0,,,,22.86,75.4,,0
"2025-09-02 23:12:13",274,0,97072,0,,,,22.84,75.65,,0
"2025-09-02 23:12:19",274,0,97072,0,,,,22.83,76.55,,0
"2025-09-02 23:12:25",274,0,97072,0,,,,22.84,77.1,,0
"2025-09-02 23:12:31",274,0,97072,0,,,,22.83,75.95,,0
"2025-09-02 23:12:37",274,0,97070,0,,,,22.82,74.05,24,0
"2025-09-02 23:12:43",274,0,97074,0,,,,22.85,76.2,,0
"2025-09-02 23:12:49",274,0,97072,0,,,,22.85,75.7,,0
"2025-09-02 23:12:55",274,0,97072,0,,,,22.82,71.5,,0
"2025-09-02 23:13:01",274,0,97072,0,,,,22.82,70.3,,0
"2025-09-02 23:13:07",274,0,97074,0,,,,22.85,72.85,,0
"2025-09-02 23:13:13",274,0,97072,0,,,,22.85,74.25,,0
"2025-09-02 23:13:19",274,0,97074,0,,,,22.85,74.65,,0
"2025-09-02 23:13:25",274,0,97076,0,,,,22.84,74.85,,0
"2025-09-02 23:13:31",274,0,97074,0,,,,22.83,74.9,24,0
"2025-09-02 23:13:37",274,0,97072,0,,,,22.83,74.05,,0
"2025-09-02 23:13:43",274,0,97076,0,,,,22.8,74.05,,0
"2025-09-02 23:13:49",273,-1,97078,0,,,,22.78,74.9,,0
"2025-09-02 23:13:55",274,0,97074,0,,,,22.74,74.45,,0
"2025-09-02 23:14:01",274,0,97074,0,,,,22.72,74.85,,0
"2025-09-02 23:14:08",274,0,97076,0,,,,22.71,74,,0
"2025-09-02 23:14:14",274,0,97076,0,,,,22.71,75.4,,0
"2025-09-02 23:14:20",274,0,97074,0,,,,22.71,75.35,,0
